prompt_id,category,subtype,n_tok,status,error_msg,metrics_device,attr_s,rm_top1_token,rm_top1_prob,metric_s,peak_gb,replacement_score,completeness_score,error_mass_total,mean_path_length,err_pos_thirds,err_pos_argmax_norm,err_pos_gini,err_pos_gini_norm,err_second_last_pos,err_layer_thirds,err_layer_argmax,err_late_layers,err_bos_pos,err_final_pos,err_final_share,error_by_position,error_by_layer,n_nodes,n_features,n_interior,n_edges,n_tokens,series_steps,node_count_curve
p0042,arithmetic,bare_short,7,ok,,cuda,7.62,8,0.6484375,0.04,5.68,0.706555187702179,0.9279688000679016,0.29344481229782104,3.531993505989245,"[0.1175098717212677, 0.27076461911201477, 0.6117255091667175]",1.0,0.41485379042113324,0.49782454850535984,0.04000859707593918,"[0.4204510748386383, 0.30131858587265015, 0.2782304584980011]",0,0.06035127490758896,0.0,0.13949908316135406,0.475384384393692,"[0.0, 0.014009389095008373, 0.02047327347099781, 0.05095934867858887, 0.028495125472545624, 0.04000859707593918, 0.13949908316135406]","[0.01802021637558937, 0.013522788882255554, 0.014756531454622746, 0.01453433558344841, 0.015891607850790024, 0.01400086097419262, 0.015182927250862122, 0.009446543641388416, 0.008023364469408989, 0.010818500071763992, 0.008060669526457787, 0.0113949254155159, 0.008613768965005875, 0.007929419167339802, 0.010136744007468224, 0.01280950102955103, 0.009916219860315323, 0.008740616030991077, 0.008052285760641098, 0.013241710141301155, 0.013689533807337284, 0.010449936613440514, 0.010655050165951252, 0.011006351560354233, 0.005345774814486504, 0.009204627946019173]",4635,4436,6,5804511,7,21,"{""0.95"": 2674, ""0.9"": 1867, ""0.8"": 1017, ""0.7"": 586}"
p0062,arithmetic,bare_long,16,ok,,cuda,32.63,8,0.89453125,0.29,7.8,0.7380906918182576,0.9362534880638123,0.2619090974330902,3.5039260265299137,"[0.2526300847530365, 0.2184884250164032, 0.5288815498352051]",1.0,0.3988990586629356,0.427391848567431,0.019691824913024902,"[0.5043880343437195, 0.26346534490585327, 0.23214656114578247]",0,0.044697362929582596,0.0,0.08317874372005463,0.31758633255958557,"[0.0, 0.011526159942150116, 0.004654134623706341, 0.0076764733530581, 0.023987269029021263, 0.018322071060538292, 0.010643433779478073, 0.015215757302939892, 0.015012948773801327, 0.008496320806443691, 0.007855634205043316, 0.012802273035049438, 0.015328889712691307, 0.0075171468779444695, 0.019691824913024902, 0.08317874372005463]","[0.023826945573091507, 0.016573861241340637, 0.015883153304457664, 0.013662522658705711, 0.015371337532997131, 0.012768317013978958, 0.013795007951557636, 0.010494674555957317, 0.009727995842695236, 0.006966598331928253, 0.006836909335106611, 0.007851682603359222, 0.00909623596817255, 0.007573340553790331, 0.009087620303034782, 0.00743703730404377, 0.006796164903789759, 0.0073583791963756084, 0.0067026689648628235, 0.009401267394423485, 0.014049609191715717, 0.005634501576423645, 0.006304024253040552, 0.011788792908191681, 0.0023598438128829002, 0.004560593515634537]",13981,13547,15,50475095,16,19,"{""0.95"": 7553, ""0.9"": 5204, ""0.8"": 2639, ""0.7"": 1365}"
p0054,arithmetic,prefixed_med,10,ok,,cuda,11.83,8,0.59375,0.08,5.99,0.7086868286132812,0.9277800917625427,0.29131317138671875,3.463295902166073,"[0.233125701546669, 0.24976715445518494, 0.5171071887016296]",1.0,0.3928388560758588,0.44194371308534114,0.023778622969985008,"[0.434232234954834, 0.2822408080101013, 0.2835269272327423]",0,0.05966060236096382,0.0,0.11400792747735977,0.3913586735725403,"[0.0, 0.008618613705039024, 0.03375961259007454, 0.025534357875585556, 0.017362091690301895, 0.023635413497686386, 0.031762950122356415, 0.012853562831878662, 0.023778622969985008, 0.11400792747735977]","[0.018220078200101852, 0.013868262991309166, 0.016722675412893295, 0.014174048788845539, 0.01518799364566803, 0.013579324819147587, 0.014634080231189728, 0.010018422268331051, 0.010092686861753464, 0.009968109428882599, 0.007201397325843573, 0.008639614097774029, 0.00979514978826046, 0.008659377694129944, 0.009487112984061241, 0.01104812789708376, 0.00969230942428112, 0.007729266304522753, 0.010367781855165958, 0.012566735967993736, 0.011033829301595688, 0.014139564707875252, 0.008093050681054592, 0.009721361100673676, 0.009011785499751568, 0.007661010138690472]",7212,6932,9,13942032,10,20,"{""0.95"": 4147, ""0.9"": 2901, ""0.8"": 1539, ""0.7"": 870}"
p0154,code_completion,code,13,ok,,cuda,21.25,reshape,0.1650390625,0.18,6.87,0.7435193908727653,0.936740517616272,0.2564801275730133,3.4784194385302216,"[0.43835651874542236, 0.08795487135648727, 0.47368869185447693]",1.0,0.5805161818805605,0.6332903802333387,0.008866040967404842,"[0.5250899791717529, 0.2606339454650879, 0.2142760306596756]",0,0.03912508487701416,0.0,0.10612116754055023,0.41375985741615295,"[0.0, 0.036627959460020065, 0.02213013358414173, 0.0386032834649086, 0.015068347565829754, 0.005728859920054674, 0.006199705880135298, 0.004791978280991316, 0.005838128738105297, 0.004131159279495478, 0.002373353112488985, 0.008866040967404842, 0.10612116754055023]","[0.025318536907434464, 0.0183628648519516, 0.01932046376168728, 0.014135295525193214, 0.015773974359035492, 0.012593774124979973, 0.01275716908276081, 0.007893713191151619, 0.008519355207681656, 0.00864623486995697, 0.00810075644403696, 0.007172904908657074, 0.006940297782421112, 0.006588216405361891, 0.006918800063431263, 0.007557323668152094, 0.006392785347998142, 0.008530111983418465, 0.0094949034973979, 0.006337553262710571, 0.004987894557416439, 0.007255655713379383, 0.00913989171385765, 0.004868772812187672, 0.00917097833007574, 0.003701892215758562]",11130,10769,12,32344604,13,19,"{""0.95"": 5397, ""0.9"": 3683, ""0.8"": 1914, ""0.7"": 1019}"
p0138,code_completion,code,8,ok,,cuda,10.4, x,0.47265625,0.08,6.04,0.7591923075071894,0.9390645623207092,0.2408076673746109,3.3253434283383347,"[0.33793994784355164, 0.2347428798675537, 0.42731720209121704]",1.0,0.2717291983817651,0.3170173981120593,0.02634570561349392,"[0.47231170535087585, 0.31914228200912476, 0.2085459977388382]",0,0.03090493753552437,0.0,0.07655554264783859,0.3179115951061249,"[0.0, 0.014083044603466988, 0.02742854505777359, 0.039866939187049866, 0.022770965471863747, 0.03375691920518875, 0.02634570561349392, 0.07655554264783859]","[0.021528275683522224, 0.01555200107395649, 0.015117933973670006, 0.011695225723087788, 0.011667381972074509, 0.011292831040918827, 0.011623309925198555, 0.006948781665414572, 0.008310532197356224, 0.007351460866630077, 0.005328875966370106, 0.008122039958834648, 0.008772453293204308, 0.0078831622377038, 0.00804869458079338, 0.00872587226331234, 0.01334298960864544, 0.009276364929974079, 0.006552623584866524, 0.012761914171278477, 0.005882199853658676, 0.0049797650426626205, 0.00701279379427433, 0.003249296685680747, 0.0043226308189332485, 0.005458250176161528]",7456,7237,7,14873122,8,19,"{""0.95"": 4388, ""0.9"": 3098, ""0.8"": 1665, ""0.7"": 912}"
p0137,code_completion,code,6,ok,,cuda,6.43, int,0.21875,0.04,5.67,0.7202107477062495,0.9304558038711548,0.2797892689704895,3.4903294674018985,"[0.3139665126800537, 0.18536439538002014, 0.5006690621376038]",1.0,0.36820142593947836,0.46025178242434794,0.02978086844086647,"[0.46100741624832153, 0.293018102645874, 0.24597445130348206]",0,0.05232536792755127,0.0,0.14008183777332306,0.5006690621376038,"[0.0, 0.036516040563583374, 0.051328424364328384, 0.022082103416323662, 0.02978086844086647, 0.14008183777332306]","[0.02320595644414425, 0.014753350988030434, 0.019902339205145836, 0.013965829275548458, 0.01402431633323431, 0.012813901528716087, 0.012105508707463741, 0.008886611089110374, 0.009327122941613197, 0.008189242333173752, 0.006952640600502491, 0.009479079395532608, 0.010048720054328442, 0.00826700683683157, 0.011659443378448486, 0.008505585603415966, 0.01052800565958023, 0.008353598415851593, 0.010041185654699802, 0.006454454269260168, 0.010193842463195324, 0.005836188793182373, 0.0061461301520466805, 0.0054124039597809315, 0.016533222049474716, 0.008203581906855106]",5025,4853,5,7160505,6,19,"{""0.95"": 2990, ""0.9"": 2150, ""0.8"": 1181, ""0.7"": 664}"
p0190,entity_known_unknown,unknown|p05,9,ok,,cuda,11.62, ,0.82421875,0.09,6.08,0.7502597496300563,0.9370762705802917,0.24974021315574646,3.3391434658080428,"[0.1859341710805893, 0.21271969377994537, 0.6013461351394653]",1.0,0.48994341164771055,0.5599353275973835,0.013329948298633099,"[0.4279387891292572, 0.2737332582473755, 0.2983279824256897]",0,0.058740224689245224,0.0,0.13685035705566406,0.5479708313941956,"[0.0, 0.01571962796151638, 0.010129830799996853, 0.020585782825946808, 0.012915152125060558, 0.02652050368487835, 0.013689007610082626, 0.013329948298633099, 0.13685035705566406]","[0.016143279150128365, 0.013362240046262741, 0.013937214389443398, 0.013073877431452274, 0.012140072882175446, 0.012062149122357368, 0.011353442445397377, 0.007683299947530031, 0.0071179550141096115, 0.007438834756612778, 0.004948070272803307, 0.010626520961523056, 0.006992846727371216, 0.008779732510447502, 0.006286618299782276, 0.007913521490991116, 0.006880776025354862, 0.008495275862514973, 0.0072512151673436165, 0.008513050153851509, 0.014610263518989086, 0.008018562570214272, 0.0033652973361313343, 0.015544967725872993, 0.015708616003394127, 0.0014925177674740553]",7882,7637,8,17257812,9,19,"{""0.95"": 4270, ""0.9"": 2940, ""0.8"": 1512, ""0.7"": 817}"
p0191,entity_known_unknown,known|p06,9,ok,,cuda,12.15, ,0.86328125,0.1,6.14,0.7353689889719781,0.934622049331665,0.2646310031414032,3.443616732394816,"[0.26359325647354126, 0.2413405478000641, 0.49506625533103943]",1.0,0.4358437990885405,0.498107198958332,0.014127865433692932,"[0.4664580821990967, 0.30267971754074097, 0.23086212575435638]",1,0.04849178344011307,0.0,0.11688199639320374,0.4416792094707489,"[0.0, 0.012746443971991539, 0.013092170469462872, 0.043916329741477966, 0.020178869366645813, 0.026381149888038635, 0.017306167632341385, 0.014127865433692932, 0.11688199639320374]","[0.019633017480373383, 0.020873360335826874, 0.016475655138492584, 0.015404481440782547, 0.011909618973731995, 0.011432506144046783, 0.011224579066038132, 0.007434612140059471, 0.009051450528204441, 0.009860203601419926, 0.005078164394944906, 0.011450149118900299, 0.006957888137549162, 0.011151298880577087, 0.007060527801513672, 0.01012762077152729, 0.011655285954475403, 0.006757303141057491, 0.005295913200825453, 0.007305587641894817, 0.006993628107011318, 0.0067487796768546104, 0.004087268840521574, 0.01085605751723051, 0.018149441108107567, 0.001656608539633453]",8154,7909,8,18298105,9,19,"{""0.95"": 4700, ""0.9"": 3377, ""0.8"": 1839, ""0.7"": 1009}"
p0204,entity_known_unknown,unknown|p12,9,ok,,cuda,12.05, ,0.875,0.11,6.2,0.7402226174010407,0.9349706768989563,0.25977736711502075,3.3958306132938683,"[0.20225436985492706, 0.21218596398830414, 0.5855596661567688]",1.0,0.4645536377896768,0.530918443188202,0.014842181466519833,"[0.4259764552116394, 0.27936482429504395, 0.2946588397026062]",1,0.06131681427359581,0.0,0.13727296888828278,0.5284254550933838,"[0.0, 0.017419440671801567, 0.011850622482597828, 0.023271044716238976, 0.014452557079494, 0.026170726865530014, 0.014497828669846058, 0.014842181466519833, 0.13727296888828278]","[0.01635907031595707, 0.017223618924617767, 0.015001391991972923, 0.012487406842410564, 0.011578967794775963, 0.010290306061506271, 0.012202651239931583, 0.008425747975707054, 0.007089878432452679, 0.007945943623781204, 0.005908923223614693, 0.012383537366986275, 0.006550833582878113, 0.008647056296467781, 0.005844729952514172, 0.007541025523096323, 0.008508953265845776, 0.009241640567779541, 0.0077179051004350185, 0.007510960567742586, 0.015668805688619614, 0.008650297299027443, 0.004823105875402689, 0.010414193384349346, 0.01687508635222912, 0.0048853266052901745]",8503,8258,8,20225393,9,19,"{""0.95"": 4658, ""0.9"": 3197, ""0.8"": 1655, ""0.7"": 884}"
p0006,factual_recall,capital_short,8,ok,,cuda,8.74, Rome,0.52734375,0.06,5.79,0.7116176142236726,0.9236992001533508,0.288382351398468,3.2149970812610054,"[0.2340012937784195, 0.1590629518032074, 0.6069357395172119]",1.0,0.40844083973516665,0.47651431302436115,0.0475294329226017,"[0.4408798813819885, 0.2677817642688751, 0.29133835434913635]",3,0.06450957804918289,0.0,0.12750010192394257,0.44212180376052856,"[0.0, 0.022646216675639153, 0.034356437623500824, 0.010479179210960865, 0.02293074131011963, 0.022940201684832573, 0.0475294329226017, 0.12750010192394257]","[0.018123922869563103, 0.01300778053700924, 0.016751788556575775, 0.02020321786403656, 0.014140267856419086, 0.013647179119288921, 0.011311212554574013, 0.011362230405211449, 0.008594369515776634, 0.009571880102157593, 0.006830924656242132, 0.00839296355843544, 0.009925542399287224, 0.007793367840349674, 0.009755413979291916, 0.006437274161726236, 0.0077224476262927055, 0.010793717578053474, 0.005310889799147844, 0.01419635396450758, 0.007405736017972231, 0.009242083877325058, 0.011672941036522388, 0.020151259377598763, 0.01017007790505886, 0.005867482628673315]",6415,6189,7,11030571,8,19,"{""0.95"": 3718, ""0.9"": 2659, ""0.8"": 1432, ""0.7"": 777}"
p0024,factual_recall,capital_short,8,ok,,cuda,8.43, Bangkok,0.640625,0.06,5.8,0.712394914400426,0.9221277236938477,0.28760507702827454,3.100704833393225,"[0.21404336392879486, 0.15903709828853607, 0.6269194483757019]",1.0,0.41782481749938627,0.4874622870826173,0.05781487375497818,"[0.46290287375450134, 0.2643909156322479, 0.2727063000202179]",3,0.0562550313770771,0.0,0.12249037623405457,0.4258977770805359,"[0.0, 0.02082025073468685, 0.030810898169875145, 0.009928814135491848, 0.023844962939620018, 0.021894918754696846, 0.05781487375497818, 0.12249037623405457]","[0.016392303630709648, 0.013474293053150177, 0.0178665928542614, 0.02025272138416767, 0.01772451214492321, 0.013661389239132404, 0.012901396490633488, 0.011885016225278378, 0.008974980562925339, 0.009165526367723942, 0.00786910392343998, 0.009300773032009602, 0.007821964100003242, 0.007031539920717478, 0.008623404428362846, 0.011240366846323013, 0.007185197900980711, 0.007802294101566076, 0.011063911020755768, 0.011112776584923267, 0.010085666552186012, 0.0050733634270727634, 0.004832342267036438, 0.010144570842385292, 0.019456535577774048, 0.0066625503823161125]",6354,6128,7,10847705,8,19,"{""0.95"": 3646, ""0.9"": 2597, ""0.8"": 1394, ""0.7"": 746}"
p0019,factual_recall,capital_med,10,ok,,cuda,12.33, Oslo,0.2021484375,0.09,6.14,0.732074499130249,0.9278557896614075,0.267925500869751,3.1146589477871083,"[0.1720312535762787, 0.37298205494880676, 0.45498669147491455]",1.0,0.3869115912892879,0.4352755402004489,0.018515143543481827,"[0.45089882612228394, 0.308491587638855, 0.24060960114002228]",0,0.04971781373023987,0.0,0.08945298194885254,0.33387261629104614,"[0.0, 0.012279877439141273, 0.025096556171774864, 0.008715120144188404, 0.024288928136229515, 0.025266196578741074, 0.050376273691654205, 0.013934403657913208, 0.018515143543481827, 0.08945298194885254]","[0.017680518329143524, 0.013360551558434963, 0.015621721744537354, 0.014484232291579247, 0.012696771882474422, 0.013014314696192741, 0.012729387730360031, 0.012224418111145496, 0.00899537093937397, 0.00767814414575696, 0.007882514037191868, 0.008736961521208286, 0.009029332548379898, 0.007554898038506508, 0.010268648155033588, 0.009566407650709152, 0.012521267868578434, 0.009414585307240486, 0.006567526608705521, 0.008180107921361923, 0.01057780347764492, 0.008625442162156105, 0.008500236086547375, 0.008932107128202915, 0.007154776714742184, 0.005927446763962507]",7924,7644,9,16789782,10,19,"{""0.95"": 4590, ""0.9"": 3278, ""0.8"": 1767, ""0.7"": 967}"
p0163,induction,bigram_ab,11,ok,,cuda,30.49, quat,0.87109375,0.47,9.54,0.7616916554410016,0.9374780058860779,0.2383083552122116,3.154660909289562,"[0.4377266466617584, 0.22240111231803894, 0.33987224102020264]",1.0,0.2967338160132192,0.32970424001468795,0.009160560555756092,"[0.5831719040870667, 0.2078993320465088, 0.20892883837223053]",2,0.03359285369515419,0.0,0.05496387556195259,0.23064181208610535,"[0.0, 0.012779934331774712, 0.03056592494249344, 0.037438374012708664, 0.023529691621661186, 0.011967678554356098, 0.01708250865340233, 0.02394985966384411, 0.016869964078068733, 0.009160560555756092, 0.05496387556195259]","[0.026446573436260223, 0.024827992543578148, 0.02957303076982498, 0.019245360046625137, 0.011042064987123013, 0.00829390436410904, 0.007250675465911627, 0.0063367667607963085, 0.005958357825875282, 0.003684120951220393, 0.0037781326100230217, 0.004431293345987797, 0.005452924408018589, 0.0049538821913301945, 0.011012591421604156, 0.006805750075727701, 0.005184659734368324, 0.004240795969963074, 0.01108816359192133, 0.005108474753797054, 0.003194939810782671, 0.01065143197774887, 0.0061805276200175285, 0.0033867224119603634, 0.004753684625029564, 0.005425544921308756]",17808,17501,10,79909335,11,19,"{""0.95"": 11315, ""0.9"": 8396, ""0.8"": 4756, ""0.7"": 2595}"
p0167,induction,bigram_ab,16,ok,,cuda,53.0, v,0.9453125,0.83,12.45,0.7505990714191837,0.9376331567764282,0.24940091371536255,3.391927637080049,"[0.4295417368412018, 0.23199082911014557, 0.338467538356781]",1.0,0.30479673603704116,0.3265679314682584,0.00885614100843668,"[0.6122735738754272, 0.2194092571735382, 0.16831718385219574]",2,0.026576833799481392,0.0,0.045878056436777115,0.18395304679870605,"[0.0, 0.011567998677492142, 0.019807256758213043, 0.03541038930416107, 0.018365805968642235, 0.02197663113474846, 0.014573322609066963, 0.009923889301717281, 0.007732916623353958, 0.012456154450774193, 0.013172433711588383, 0.008912630379199982, 0.012311971746385098, 0.008455297909677029, 0.00885614100843668, 0.045878056436777115]","[0.028198834508657455, 0.023476986214518547, 0.030175350606441498, 0.026255344972014427, 0.0122140534222126, 0.00764178903773427, 0.010121696628630161, 0.007776007056236267, 0.006841528695076704, 0.0035479178186506033, 0.005154312588274479, 0.007756088860332966, 0.007235151249915361, 0.007569745182991028, 0.007165722548961639, 0.007423868402838707, 0.004184566903859377, 0.004683489445596933, 0.008759398013353348, 0.006642232649028301, 0.004377405624836683, 0.003928112797439098, 0.008872208185493946, 0.002115822397172451, 0.0029885275289416313, 0.004294754471629858]",23522,23088,15,132579782,16,19,"{""0.95"": 13432, ""0.9"": 9466, ""0.8"": 4945, ""0.7"": 2534}"
p0162,induction,bigram_ba,11,ok,,cuda,31.85, vor,0.73046875,0.5,9.87,0.7615935348514595,0.9366922378540039,0.2384064793586731,3.11624178927652,"[0.42404136061668396, 0.21641774475574493, 0.3595408797264099]",1.0,0.2863469527749456,0.31816328086105067,0.009684805758297443,"[0.5709941387176514, 0.23898333311080933, 0.1900225132703781]",0,0.03014516457915306,0.0,0.05492384359240532,0.23037900030612946,"[0.0, 0.013878833502531052, 0.02215573750436306, 0.03105047717690468, 0.03400915488600731, 0.01145069021731615, 0.014955125749111176, 0.02518957480788231, 0.021108228713274002, 0.009684805758297443, 0.05492384359240532]","[0.031141262501478195, 0.026810508221387863, 0.021492252126336098, 0.02078101597726345, 0.012540509924292564, 0.006391619332134724, 0.005333499051630497, 0.005929308943450451, 0.005708730313926935, 0.0035425256937742233, 0.0034253252670168877, 0.0057856421917676926, 0.005980303511023521, 0.008201184682548046, 0.009141089394688606, 0.009679212234914303, 0.0046790847554802895, 0.006540804635733366, 0.006250370293855667, 0.008907059207558632, 0.003645572578534484, 0.007145916111767292, 0.006447984836995602, 0.0037417018320411444, 0.003304711077362299, 0.005859277211129665]",18448,18141,10,85034820,11,19,"{""0.95"": 11684, ""0.9"": 8766, ""0.8"": 5100, ""0.7"": 2862}"
p0121,multi_hop,city_language_long,13,ok,,cuda,22.42, French,0.318359375,0.21,7.09,0.7644027980205895,0.9395653009414673,0.23559722304344177,3.2623781508002074,"[0.1977691948413849, 0.11899711936712265, 0.6832337379455566]",1.0,0.4877097433952617,0.5320469927948309,0.016261842101812363,"[0.4583638608455658, 0.2751319408416748, 0.2665042579174042]",0,0.049185533076524734,0.0,0.09959223866462708,0.4227224290370941,"[0.0, 0.014658508822321892, 0.012871894054114819, 0.008213522844016552, 0.010849948041141033, 0.00760654965415597, 0.002278838539496064, 0.010058430954813957, 0.008091574534773827, 0.029833119362592697, 0.01528076734393835, 0.016261842101812363, 0.09959223866462708]","[0.018940918147563934, 0.013338959775865078, 0.012002650648355484, 0.010603250935673714, 0.012614259496331215, 0.012000758200883865, 0.012434307485818863, 0.008711040951311588, 0.007343101315200329, 0.006987136788666248, 0.007367980666458607, 0.0068004922941327095, 0.008986150845885277, 0.007113790139555931, 0.005581893026828766, 0.005352165084332228, 0.008905364200472832, 0.007725341245532036, 0.005461648106575012, 0.008140476420521736, 0.011121531948447227, 0.008744297549128532, 0.012514226138591766, 0.008058452047407627, 0.0033378941006958485, 0.005409133620560169]",11878,11517,12,35191201,13,19,"{""0.95"": 6147, ""0.9"": 4231, ""0.8"": 2138, ""0.7"": 1099}"
p0103,multi_hop,state_capital_long,13,ok,,cuda,20.28, Springfield,0.1767578125,0.18,6.98,0.7271561079508032,0.9260789155960083,0.272843599319458,3.1085889667689988,"[0.23236960172653198, 0.16972850263118744, 0.5979019403457642]",1.0,0.4039391995792479,0.4406609449955432,0.030444901436567307,"[0.47141432762145996, 0.2851552963256836, 0.24343015253543854]",0,0.05205605551600456,0.0,0.09847631305456161,0.3609257936477661,"[0.0, 0.011075161397457123, 0.01657532900571823, 0.021227488294243813, 0.014522590674459934, 0.012833969667553902, 0.01670522429049015, 0.01293546799570322, 0.0038346790242940187, 0.013768376782536507, 0.020444143563508987, 0.030444901436567307, 0.09847631305456161]","[0.019473113119602203, 0.015447250567376614, 0.017454037442803383, 0.014584188349545002, 0.015085307881236076, 0.013077334500849247, 0.01338818110525608, 0.009872679598629475, 0.01024033222347498, 0.008547886274755001, 0.007475109305232763, 0.007956513203680515, 0.009151958860456944, 0.007463065907359123, 0.008203651756048203, 0.011164821684360504, 0.010767805390059948, 0.007072010077536106, 0.007944868877530098, 0.006417460739612579, 0.004554251208901405, 0.007278481498360634, 0.010251938365399837, 0.01695646531879902, 0.010286616161465645, 0.0027283011004328728]",11080,10719,12,30725456,13,18,"{""0.95"": 6330, ""0.9"": 4549, ""0.8"": 2449, ""0.7"": 1314}"
p0095,multi_hop,state_capital_long,13,ok,,cuda,20.06, Austin,0.294921875,0.18,6.85,0.729399222474572,0.9270524978637695,0.2706005275249481,3.116286644678329,"[0.22080548107624054, 0.1659131795167923, 0.6132813692092896]",1.0,0.4191522244064206,0.45725697207973154,0.03236158564686775,"[0.4744218587875366, 0.30396029353141785, 0.22161775827407837]",0,0.044959016144275665,0.0,0.10040156543254852,0.3710324168205261,"[0.0, 0.010761639103293419, 0.014726242050528526, 0.020956208929419518, 0.013305993750691414, 0.012912516482174397, 0.01619746722280979, 0.012170329689979553, 0.003615880385041237, 0.014043837785720825, 0.019147265702486038, 0.03236158564686775, 0.10040156543254852]","[0.019736751914024353, 0.015556365251541138, 0.017434166744351387, 0.014390471391379833, 0.014703040011227131, 0.013904750347137451, 0.012553250417113304, 0.010399988852441311, 0.009700029157102108, 0.008869114331901073, 0.008652126416563988, 0.008843881078064442, 0.007732737809419632, 0.011844942346215248, 0.00739777646958828, 0.010336379520595074, 0.010944070294499397, 0.007630791515111923, 0.00991568062454462, 0.005095184314996004, 0.004737486131489277, 0.007847728207707405, 0.005187521688640118, 0.009773420169949532, 0.013169756159186363, 0.004243107046931982]",11053,10692,12,30406536,13,18,"{""0.95"": 6180, ""0.9"": 4411, ""0.8"": 2339, ""0.7"": 1227}"
p0246,obfuscated,rung3_subst|b08,15,ok,,cuda,30.97,ir,0.21484375,0.37,8.42,0.7259303697875689,0.9278202652931213,0.2740693688392639,3.2243636610432462,"[0.20552873611450195, 0.2736532986164093, 0.5208179354667664]",1.0,0.35606814281103927,0.38345799995035,0.015276741236448288,"[0.532170832157135, 0.23262621462345123, 0.2352028638124466]",0,0.05249164626002312,0.0,0.07834403216838837,0.2858547568321228,"[0.0, 0.004723547492176294, 0.015811095014214516, 0.01077182125300169, 0.015282772481441498, 0.009739895351231098, 0.023839669302105904, 0.014181616716086864, 0.01511235348880291, 0.009967634454369545, 0.011898716911673546, 0.02471228502690792, 0.024407174438238144, 0.015276741236448288, 0.07834403216838837]","[0.0265186820179224, 0.022736022248864174, 0.02387118712067604, 0.01873619668185711, 0.016164684668183327, 0.011408115737140179, 0.011808297596871853, 0.007599622011184692, 0.0070089250802993774, 0.006552825681865215, 0.005051927175372839, 0.008477114140987396, 0.0072890957817435265, 0.009170057252049446, 0.007078081835061312, 0.006133286282420158, 0.007038131356239319, 0.006965202279388905, 0.00461868429556489, 0.007351566106081009, 0.007114357315003872, 0.009126640856266022, 0.011207317002117634, 0.006444015074521303, 0.012610305100679398, 0.005989012308418751]",15605,15190,14,59584059,15,20,"{""0.95"": 9254, ""0.9"": 6584, ""0.8"": 3469, ""0.7"": 1791}"
p0211,obfuscated,rung0_clean|b00,6,ok,,cuda,5.93, nice,0.1298828125,0.03,5.67,0.7367367587528681,0.9321039319038391,0.2632632255554199,3.2924192698758836,"[0.20746402442455292, 0.31579139828681946, 0.47674453258514404]",1.0,0.36131281456803926,0.4516410182100491,0.04473544657230377,"[0.3794867992401123, 0.33106496930122375, 0.2894481122493744]",0,0.054751113057136536,0.0,0.12550930678844452,0.47674453258514404,"[0.0, 0.009811504743993282, 0.044806141406297684, 0.038400813937187195, 0.04473544657230377, 0.12550930678844452]","[0.015934491530060768, 0.012362094596028328, 0.012700574472546577, 0.009495094418525696, 0.010305238887667656, 0.010218611918389797, 0.011465385556221008, 0.008845270611345768, 0.008578171022236347, 0.00882880762219429, 0.007051390130072832, 0.007615223992615938, 0.010014493949711323, 0.0137042086571455, 0.01172577403485775, 0.009190523996949196, 0.008325353264808655, 0.010701462626457214, 0.008289197459816933, 0.013160744681954384, 0.010431797243654728, 0.00812109187245369, 0.006566192489117384, 0.008201411925256252, 0.01165517047047615, 0.00977544765919447]",4421,4249,5,5343470,6,20,"{""0.95"": 2551, ""0.9"": 1809, ""0.8"": 992, ""0.7"": 574}"
p0223,obfuscated,rung0_clean|b03,6,ok,,cuda,4.9, house,0.1025390625,0.02,5.66,0.7028449773788452,0.9212173223495483,0.2971550226211548,3.272079420418501,"[0.19258493185043335, 0.2815467417240143, 0.5258684158325195]",1.0,0.41175469797801406,0.5146933724725176,0.060115303844213486,"[0.3416818678379059, 0.2968212366104126, 0.3614969253540039]",25,0.0725904107093811,0.0,0.15626443922519684,0.5258684158325195,"[0.0, 0.021604500710964203, 0.035623081028461456, 0.023547718301415443, 0.060115303844213486, 0.15626443922519684]","[0.01709921658039093, 0.010941766202449799, 0.01193634420633316, 0.010251946747303009, 0.012880654074251652, 0.01077442616224289, 0.010480860248208046, 0.009580389596521854, 0.007586871739476919, 0.0077486177906394005, 0.007289298810064793, 0.008133922703564167, 0.008233119733631611, 0.01004946418106556, 0.012094425037503242, 0.011444690637290478, 0.011028350330889225, 0.012180037796497345, 0.01837627962231636, 0.01645393669605255, 0.008510550484061241, 0.017212290316820145, 0.011143707670271397, 0.00861470028758049, 0.006978183053433895, 0.020130975171923637]",3672,3500,5,3682707,6,19,"{""0.95"": 2133, ""0.9"": 1518, ""0.8"": 832, ""0.7"": 482}"
p0090,syntactic_agreement,fill_short,6,ok,,cuda,6.0, road,0.283203125,0.04,5.67,0.7023322582244873,0.9253110289573669,0.2976677417755127,3.517189402162492,"[0.14541730284690857, 0.4073975384235382, 0.4471851587295532]",1.0,0.3940111651742443,0.4925139564678054,0.07953906804323196,"[0.36402836441993713, 0.3019156754016876, 0.33405596017837524]",18,0.06426379084587097,0.0,0.1331125944852829,0.4471851587295532,"[0.0, 0.009267187677323818, 0.034018851816654205, 0.04173003509640694, 0.07953906804323196, 0.1331125944852829]","[0.01614256575703621, 0.015309946611523628, 0.014932865276932716, 0.011212778277695179, 0.012492446228861809, 0.0104906614869833, 0.011897166259586811, 0.007679568137973547, 0.008201495744287968, 0.009554261341691017, 0.009243802167475224, 0.011018801480531693, 0.010224968194961548, 0.011178157292306423, 0.008880723267793655, 0.009527742862701416, 0.007928602397441864, 0.012313494458794594, 0.021956272423267365, 0.013217614032328129, 0.012516316957771778, 0.011880112811923027, 0.0087503707036376, 0.011783948168158531, 0.009316481649875641, 0.01001656148582697]",4679,4507,5,6088034,6,20,"{""0.95"": 2846, ""0.9"": 2059, ""0.8"": 1145, ""0.7"": 655}"
p0082,syntactic_agreement,np_long,15,ok,,cuda,29.47, were,0.34375,0.29,8.05,0.7764241771751076,0.9412348866462708,0.2235754430294037,3.143201687428803,"[0.25114279985427856, 0.29495179653167725, 0.4539054334163666]",1.0,0.36727424491496163,0.3955261099084202,0.0062613096088171005,"[0.5091296434402466, 0.29912814497947693, 0.19174227118492126]",0,0.03000693768262863,0.0,0.05824969708919525,0.2605370879173279,"[0.0, 0.009876098483800888, 0.015431730076670647, 0.006386535242199898, 0.00985396932810545, 0.014601028524339199, 0.009352706372737885, 0.005611738655716181, 0.018053006380796432, 0.02387119084596634, 0.00905534066259861, 0.024209314957261086, 0.012761782854795456, 0.0062613096088171005, 0.05824969708919525]","[0.020063623785972595, 0.012586082331836224, 0.013794048689305782, 0.013075717724859715, 0.012162473984062672, 0.01040821336209774, 0.012044006958603859, 0.010698803700506687, 0.0089959017932415, 0.007898163050413132, 0.006345582660287619, 0.007914768531918526, 0.008426234126091003, 0.008902519941329956, 0.006448734551668167, 0.008740855380892754, 0.00641535734757781, 0.005785494111478329, 0.005785999819636345, 0.007075929548591375, 0.004874513018876314, 0.004979301709681749, 0.002616988029330969, 0.009335880167782307, 0.0036581989843398333, 0.004542054142802954]",14128,13713,14,49601693,15,18,"{""0.95"": 7531, ""0.9"": 5303, ""0.8"": 2793, ""0.7"": 1515}"
p0069,syntactic_agreement,np_med,10,ok,,cuda,13.84, were,0.380859375,0.13,6.33,0.727090076977606,0.9280827045440674,0.272909939289093,3.234390370581913,"[0.24778425693511963, 0.2983565330505371, 0.45385923981666565]",1.0,0.3874011307447162,0.4358262720878057,0.011766498908400536,"[0.4451327323913574, 0.288854718208313, 0.2660124599933624]",0,0.05609406903386116,0.0,0.08728459477424622,0.3198292851448059,"[0.0, 0.016510019078850746, 0.01687989942729473, 0.03423286974430084, 0.019251417368650436, 0.009710016660392284, 0.052463024854660034, 0.024811604991555214, 0.011766498908400536, 0.08728459477424622]","[0.019692586734890938, 0.013279291801154613, 0.016327006742358208, 0.015346646308898926, 0.013004092499613762, 0.014015210792422295, 0.0118933767080307, 0.009240427054464817, 0.008682526648044586, 0.00701654888689518, 0.0071815550327301025, 0.008209713734686375, 0.010113882832229137, 0.00866622943431139, 0.0109812431037426, 0.008945534005761147, 0.00948718748986721, 0.008229430764913559, 0.009929598309099674, 0.006573785096406937, 0.013774208724498749, 0.010659030638635159, 0.006943687796592712, 0.004527164623141289, 0.01062046829611063, 0.009569508023560047]",9071,8791,9,21084420,10,19,"{""0.95"": 5263, ""0.9"": 3765, ""0.8"": 2027, ""0.7"": 1121}"
p0000,factual_recall,capital_short,8,ok,,cuda,8.92, Paris,0.40625,0.06,5.85,0.7200441026740196,0.9259724020957947,0.2799558639526367,3.196874644034586,"[0.26444369554519653, 0.16876640915870667, 0.5667898654937744]",1.0,0.38898837345025766,0.4538197690253006,0.034186556935310364,"[0.4546346068382263, 0.2980077862739563, 0.247357577085495]",0,0.051482245326042175,0.0,0.12448957562446594,0.4446757733821869,"[0.0, 0.024167148396372795, 0.03877877816557884, 0.011086626909673214, 0.023689797148108482, 0.023557346314191818, 0.034186556935310364, 0.12448957562446594]","[0.01732455939054489, 0.013981776311993599, 0.01719149947166443, 0.01468753069639206, 0.016251791268587112, 0.012383753433823586, 0.012886472046375275, 0.011412730440497398, 0.01115749403834343, 0.007800889201462269, 0.008980670012533665, 0.00814041867852211, 0.008634315803647041, 0.009302301332354546, 0.009637188166379929, 0.00825829990208149, 0.011704650707542896, 0.010970289818942547, 0.008956322446465492, 0.00881062913686037, 0.008234025910496712, 0.006826821248978376, 0.008020979352295399, 0.014073763974010944, 0.00805484689772129, 0.00627181027084589]",6464,6238,7,11214428,8,19,"{""0.95"": 3778, ""0.9"": 2716, ""0.8"": 1475, ""0.7"": 808}"
p0001,factual_recall,capital_med,10,ok,,cuda,12.8, also,0.1279296875,0.1,6.07,0.7460109520544751,0.9322596192359924,0.2539890706539154,3.1249412431244954,"[0.19028186798095703, 0.3187962472438812, 0.49092191457748413]",1.0,0.35813610652970124,0.40290311984591387,0.020904410630464554,"[0.44796502590179443, 0.33534446358680725, 0.2166905701160431]",0,0.04022156819701195,0.0,0.08978891372680664,0.3535148799419403,"[0.0, 0.012950054369866848, 0.026427408680319786, 0.008952050469815731, 0.025191646069288254, 0.023884592577815056, 0.03189452365040779, 0.013995475135743618, 0.020904410630464554, 0.08978891372680664]","[0.017268668860197067, 0.013409591279923916, 0.013883515261113644, 0.01191385556012392, 0.012334083206951618, 0.01252585556358099, 0.012722914107143879, 0.011316569522023201, 0.008403163403272629, 0.007955997250974178, 0.00820755586028099, 0.008608742617070675, 0.009262330830097198, 0.0082531264051795, 0.009549075737595558, 0.009360061958432198, 0.013680650852620602, 0.010296285152435303, 0.006383055821061134, 0.008432414382696152, 0.011090665124356747, 0.00716202799230814, 0.006000075954943895, 0.005562089383602142, 0.0068107168190181255, 0.003595991525799036]",7907,7627,9,16701260,10,19,"{""0.95"": 4626, ""0.9"": 3301, ""0.8"": 1778, ""0.7"": 978}"
p0002,factual_recall,capital_long,15,ok,,cuda,27.19, also,0.1357421875,0.27,7.56,0.7779046596798207,0.9406102895736694,0.2220950424671173,3.0688814106301043,"[0.22143396735191345, 0.2950798273086548, 0.4834861755371094]",1.0,0.36165739712256406,0.3894771969012228,0.013733585365116596,"[0.4966854751110077, 0.3050462603569031, 0.1982683539390564]",0,0.03290976583957672,0.0,0.06412684172391891,0.2887360453605652,"[0.0, 0.006421827711164951, 0.01115297432988882, 0.015633244067430496, 0.007363419514149427, 0.008607921190559864, 0.011565081775188446, 0.01678410917520523, 0.005474884528666735, 0.01808675192296505, 0.013624941930174828, 0.021132569760084152, 0.008386892266571522, 0.013733585365116596, 0.06412684172391891]","[0.018121907487511635, 0.013301354832947254, 0.013709142804145813, 0.011471305973827839, 0.012241353280842304, 0.011344671249389648, 0.01199362426996231, 0.009089990518987179, 0.009038020856678486, 0.007809050846844912, 0.007864526472985744, 0.008259018883109093, 0.008040538989007473, 0.006871827878057957, 0.006150840315967798, 0.006560687907040119, 0.007903911173343658, 0.008288850076496601, 0.00556670967489481, 0.0055579375475645065, 0.007086436729878187, 0.006697716191411018, 0.0030178031884133816, 0.004683410748839378, 0.0068716309033334255, 0.0045527685433626175]",13309,12894,14,45809056,15,19,"{""0.95"": 7600, ""0.9"": 5430, ""0.8"": 2904, ""0.7"": 1552}"
p0003,factual_recall,capital_short,8,ok,,cuda,8.46, Tokyo,0.6171875,0.06,5.79,0.7242701485318034,0.9286404252052307,0.27572983503341675,3.279577075008645,"[0.2313002049922943, 0.18216556310653687, 0.5865342617034912]",1.0,0.3872215651082007,0.4517584926262342,0.04380570724606514,"[0.4556756019592285, 0.30012986063957214, 0.2441943883895874]",2,0.05508343130350113,0.0,0.11791926622390747,0.42766237258911133,"[0.0, 0.02187049575150013, 0.031559769064188004, 0.010346093215048313, 0.025768617168068886, 0.02445986121892929, 0.04380570724606514, 0.11791926622390747]","[0.017082372680306435, 0.01454569585621357, 0.01748724654316902, 0.01452750526368618, 0.01546716783195734, 0.012015287764370441, 0.013064280152320862, 0.011578577570617199, 0.009875237941741943, 0.009767872281372547, 0.007486296351999044, 0.010389408096671104, 0.010183323174715042, 0.00989076029509306, 0.007527156732976437, 0.011243755929172039, 0.008331185206770897, 0.007935012690722942, 0.006587278097867966, 0.005660985596477985, 0.006655179429799318, 0.004079539328813553, 0.010339705273509026, 0.015835057944059372, 0.011179863475263119, 0.00699408445507288]",6411,6185,7,11010832,8,19,"{""0.95"": 3690, ""0.9"": 2635, ""0.8"": 1405, ""0.7"": 753}"
p0004,factual_recall,capital_med,10,ok,,cuda,12.02, Tokyo,0.1630859375,0.1,6.14,0.742418810273338,0.931725025177002,0.2575811743736267,3.161927050827957,"[0.18347081542015076, 0.34808143973350525, 0.4684477150440216]",1.0,0.3613438548291947,0.406511836682844,0.019873112440109253,"[0.4523453712463379, 0.3305634558200836, 0.21709118783473969]",0,0.04171214997768402,0.0,0.08616273105144501,0.3345071077346802,"[0.0, 0.01251186989247799, 0.026102423667907715, 0.008644331246614456, 0.025095755234360695, 0.02523302286863327, 0.03933045268058777, 0.014627466909587383, 0.019873112440109253, 0.08616273105144501]","[0.017026277258992195, 0.014610985293984413, 0.01345955953001976, 0.01158508937805891, 0.01333723496645689, 0.013389099389314651, 0.013148842379450798, 0.011141070164740086, 0.00881749577820301, 0.008452270179986954, 0.007771624717861414, 0.010001158341765404, 0.0106824841350317, 0.008120156824588776, 0.009170204401016235, 0.009005377069115639, 0.01326696015894413, 0.008676685392856598, 0.005944923497736454, 0.008261526003479958, 0.0069679622538387775, 0.00775336055085063, 0.006908128969371319, 0.009763546288013458, 0.006710112560540438, 0.0036090402863919735]",7924,7644,9,16795936,10,19,"{""0.95"": 4625, ""0.9"": 3296, ""0.8"": 1772, ""0.7"": 969}"
p0005,factual_recall,capital_long,15,ok,,cuda,26.86, Tokyo,0.1904296875,0.27,7.56,0.7770545474876079,0.9407346844673157,0.2229452133178711,3.093454460948487,"[0.21664872765541077, 0.29152563214302063, 0.491825670003891]",1.0,0.3688569516062386,0.39723056326825695,0.012262275442481041,"[0.5010012984275818, 0.30585864186286926, 0.19314008951187134]",0,0.031639374792575836,0.0,0.06000196933746338,0.26913323998451233,"[0.0, 0.006318065337836742, 0.010873525403439999, 0.015315859578549862, 0.007347781211137772, 0.008445564657449722, 0.011062140576541424, 0.016384657472372055, 0.005536734592169523, 0.018129799515008926, 0.013880915939807892, 0.0287659652531147, 0.008619967848062515, 0.012262275442481041, 0.06000196933746338]","[0.017952267080545425, 0.01392473466694355, 0.013396152295172215, 0.011052782647311687, 0.012689686380326748, 0.012073027901351452, 0.012200765311717987, 0.00878746248781681, 0.009618967771530151, 0.007757220882922411, 0.006723857019096613, 0.008652427233755589, 0.007930038496851921, 0.008241542614996433, 0.0068155755288898945, 0.006804655306041241, 0.00886635109782219, 0.006398049183189869, 0.0045375097543001175, 0.006882776971906424, 0.005063577555119991, 0.0065256510861217976, 0.004348455462604761, 0.004637767560780048, 0.0067428844049572945, 0.004321037791669369]",13319,12904,14,46048179,15,19,"{""0.95"": 7560, ""0.9"": 5388, ""0.8"": 2871, ""0.7"": 1528}"
p0007,factual_recall,capital_med,10,ok,,cuda,12.44, the,0.11181640625,0.1,6.15,0.741355569201044,0.9314188361167908,0.2586444616317749,3.1590999630036984,"[0.19113901257514954, 0.31966960430145264, 0.4891913831233978]",1.0,0.36563787306735096,0.4113426072007698,0.02120356634259224,"[0.4470243453979492, 0.3299911916255951, 0.22298450767993927]",0,0.04343992471694946,0.0,0.0911124050617218,0.35226893424987793,"[0.0, 0.013059253804385662, 0.02722369134426117, 0.009154100902378559, 0.02391652762889862, 0.02270708791911602, 0.03605715185403824, 0.014210663735866547, 0.02120356634259224, 0.0911124050617218]","[0.01723901741206646, 0.013121775351464748, 0.013951902277767658, 0.013791749253869057, 0.012793058529496193, 0.012564930133521557, 0.013005020096898079, 0.010702772997319698, 0.008450135588645935, 0.007940880954265594, 0.008178029209375381, 0.008590230718255043, 0.009167689830064774, 0.008095655590295792, 0.00900856964290142, 0.010372603312134743, 0.013624098151922226, 0.010372632183134556, 0.006199209950864315, 0.008034566417336464, 0.010157116688787937, 0.0067288498394191265, 0.008897410705685616, 0.00855994876474142, 0.00589350052177906, 0.0032031014561653137]",7984,7704,9,17183357,10,19,"{""0.95"": 4660, ""0.9"": 3327, ""0.8"": 1800, ""0.7"": 1003}"
p0008,factual_recall,capital_long,15,ok,,cuda,27.1, Rome,0.12451171875,0.27,7.78,0.7747653518590369,0.9400430917739868,0.22523435950279236,3.094406606237953,"[0.2181187868118286, 0.28989288210868835, 0.49198830127716064]",1.0,0.37618367379929407,0.4051208794761629,0.011749840341508389,"[0.4907519519329071, 0.29893121123313904, 0.21031688153743744]",0,0.03666440770030022,0.0,0.06575877964496613,0.29195716977119446,"[0.0, 0.006445497740060091, 0.01113754790276289, 0.015728026628494263, 0.007396428380161524, 0.008420341648161411, 0.011430802755057812, 0.017145073041319847, 0.005460585001856089, 0.01773938350379467, 0.013517988845705986, 0.02495911531150341, 0.008344926871359348, 0.011749840341508389, 0.06575877964496613]","[0.01815185882151127, 0.013039076700806618, 0.013639885932207108, 0.012421255931258202, 0.012136724777519703, 0.011430654674768448, 0.012142053805291653, 0.008640246465802193, 0.008932431228458881, 0.007703241892158985, 0.007260450161993504, 0.008356468752026558, 0.007100734859704971, 0.006765522062778473, 0.006280783098191023, 0.007210462354123592, 0.008227594196796417, 0.008424320258200169, 0.004590557888150215, 0.00611561955884099, 0.005477354396134615, 0.007442255038768053, 0.004511354025453329, 0.0063384766690433025, 0.006501821801066399, 0.006393145769834518]",13400,12985,14,46659070,15,19,"{""0.95"": 7660, ""0.9"": 5474, ""0.8"": 2932, ""0.7"": 1578}"
p0009,factual_recall,capital_short,8,ok,,cuda,8.5, Cairo,0.5390625,0.06,5.79,0.7069345537981125,0.920041024684906,0.2930654287338257,3.091521376322394,"[0.21046853065490723, 0.14856503903865814, 0.6409663558006287]",1.0,0.41955965621791336,0.4894862655875656,0.07283736765384674,"[0.4360864460468292, 0.2952982485294342, 0.26861539483070374]",2,0.05528992414474487,0.0,0.11500772088766098,0.3924301862716675,"[0.0, 0.02092442847788334, 0.031016184017062187, 0.009740439243614674, 0.02060692198574543, 0.022932356223464012, 0.07283736765384674, 0.11500772088766098]","[0.0166306309401989, 0.01488354429602623, 0.018309742212295532, 0.016958193853497505, 0.014349480159580708, 0.012063903734087944, 0.013403135351836681, 0.010704673826694489, 0.01049854140728712, 0.008910835720598698, 0.00855100154876709, 0.007804321590811014, 0.007408783305436373, 0.00667185103520751, 0.016458358615636826, 0.008991128765046597, 0.011471283622086048, 0.010274124331772327, 0.011339761316776276, 0.012092194519937038, 0.0063255541026592255, 0.00803394801914692, 0.009659192524850368, 0.011398492380976677, 0.009949400089681149, 0.009923337027430534]",6423,6197,7,11013927,8,19,"{""0.95"": 3702, ""0.9"": 2657, ""0.8"": 1434, ""0.7"": 777}"
p0010,factual_recall,capital_med,10,ok,,cuda,12.0, Cairo,0.142578125,0.09,6.14,0.7377128601074219,0.9291226863861084,0.2622871398925781,3.0877706937180207,"[0.17399071156978607, 0.3712975084781647, 0.45471176505088806]",1.0,0.38056802884582297,0.4281390324515508,0.018160058185458183,"[0.4515739679336548, 0.32858744263648987, 0.2198387086391449]",0,0.041345804929733276,0.0,0.08725546300411224,0.33267152309417725,"[0.0, 0.012099204584956169, 0.024955835193395615, 0.008580486290156841, 0.02470557764172554, 0.02636052668094635, 0.04632045701146126, 0.013849526643753052, 0.018160058185458183, 0.08725546300411224]","[0.01744694449007511, 0.013168474659323692, 0.014680836349725723, 0.012866107746958733, 0.012799116782844067, 0.013126315549015999, 0.014380828477442265, 0.011395597830414772, 0.00857781246304512, 0.008924180641770363, 0.007225307635962963, 0.008865506388247013, 0.008980406448245049, 0.006867656949907541, 0.011461143381893635, 0.009339193813502789, 0.012428545393049717, 0.012092303484678268, 0.006628836505115032, 0.009686220437288284, 0.008088197559118271, 0.006083840038627386, 0.006955066230148077, 0.009845511056482792, 0.006806580349802971, 0.0035666064359247684]",7920,7640,9,16749100,10,19,"{""0.95"": 4633, ""0.9"": 3310, ""0.8"": 1791, ""0.7"": 995}"
p0011,factual_recall,capital_long,15,ok,,cuda,27.02, Cairo,0.28125,0.27,7.58,0.7672694195917308,0.93687903881073,0.23273040354251862,3.03028060008511,"[0.19216662645339966, 0.28105178475379944, 0.5267816185951233]",1.0,0.40546755372333354,0.43665736554820533,0.01142438966780901,"[0.4944920837879181, 0.2987397015094757, 0.20676827430725098]",0,0.03145398944616318,0.0,0.06046125665307045,0.25979098677635193,"[0.0, 0.005884307436645031, 0.009961513802409172, 0.01404977310448885, 0.006994687952101231, 0.007832735776901245, 0.010764600709080696, 0.017291458323597908, 0.005480289459228516, 0.017667504027485847, 0.014205435290932655, 0.042401477694511414, 0.008310968056321144, 0.01142438966780901, 0.06046125665307045]","[0.0178612619638443, 0.014160729013383389, 0.014950785785913467, 0.012898890301585197, 0.011836354620754719, 0.011800142005085945, 0.012834087014198303, 0.009464005939662457, 0.009277084842324257, 0.008168555796146393, 0.0064094834960997105, 0.008023621514439583, 0.007080032490193844, 0.006986699998378754, 0.008929343894124031, 0.007125151343643665, 0.008411167189478874, 0.008391750045120716, 0.007338283117860556, 0.009328989312052727, 0.00421936484053731, 0.005136921536177397, 0.004464640282094479, 0.007436213083565235, 0.0051895128563046455, 0.005007337778806686]",13379,12964,14,46247174,15,19,"{""0.95"": 7523, ""0.9"": 5359, ""0.8"": 2847, ""0.7"": 1523}"
p0012,factual_recall,capital_short,8,ok,,cuda,8.68, Rio,0.1748046875,0.06,5.81,0.7042325139045715,0.9206835627555847,0.29576748609542847,3.178983748851817,"[0.22260816395282745, 0.15098215639591217, 0.626409649848938]",1.0,0.4338203817060456,0.5061237786570532,0.04406501725316048,"[0.4262091815471649, 0.284357488155365, 0.2894333600997925]",23,0.0672917515039444,0.0,0.14120659232139587,0.4774243235588074,"[0.0, 0.022416118532419205, 0.03336447849869728, 0.010059659369289875, 0.021717166528105736, 0.022938445210456848, 0.04406501725316048, 0.14120659232139587]","[0.0176370982080698, 0.013585924170911312, 0.017439991235733032, 0.0157182477414608, 0.015785817056894302, 0.012474145740270615, 0.0119083933532238, 0.01039698626846075, 0.011112220585346222, 0.008072090335190296, 0.009571630507707596, 0.008958774618804455, 0.00878850556910038, 0.00875574816018343, 0.00918652769178152, 0.009467963129281998, 0.009929001331329346, 0.01137345191091299, 0.00935348030179739, 0.008959751576185226, 0.005423582158982754, 0.008984326384961605, 0.006855298299342394, 0.022180039435625076, 0.012351593002676964, 0.011496905237436295]",6446,6220,7,11143318,8,19,"{""0.95"": 3805, ""0.9"": 2760, ""0.8"": 1512, ""0.7"": 828}"
p0013,factual_recall,capital_med,10,ok,,cuda,12.37, also,0.12255859375,0.1,6.15,0.7380342483520508,0.9293578267097473,0.2619657516479492,3.099138908557307,"[0.1819322407245636, 0.31845957040786743, 0.49960824847221375]",1.0,0.3735345159701193,0.4202263304663842,0.020559122785925865,"[0.43232259154319763, 0.331003874540329, 0.2366735190153122]",0,0.04722569137811661,0.0,0.09604743868112564,0.36664125323295593,"[0.0, 0.012613587081432343, 0.026133012026548386, 0.008913413621485233, 0.02417866699397564, 0.025627881288528442, 0.03361893817782402, 0.014273671433329582, 0.020559122785925865, 0.09604743868112564]","[0.017460592091083527, 0.012885374017059803, 0.013986535370349884, 0.011716121807694435, 0.012199578806757927, 0.01194141898304224, 0.013301501981914043, 0.010887819342315197, 0.008874770253896713, 0.008296179585158825, 0.007983787916600704, 0.010600090026855469, 0.010756419971585274, 0.008383012376725674, 0.008180098608136177, 0.010241168551146984, 0.012361716479063034, 0.009909198619425297, 0.005225115455687046, 0.009549550712108612, 0.008359197527170181, 0.009979602880775928, 0.0055358740501105785, 0.010015015490353107, 0.008138103410601616, 0.005197897553443909]",7956,7676,9,16948421,10,19,"{""0.95"": 4657, ""0.9"": 3332, ""0.8"": 1807, ""0.7"": 997}"
p0014,factual_recall,capital_long,15,ok,,cuda,27.24, also,0.111328125,0.27,7.77,0.7718180155074509,0.9387084245681763,0.22818167507648468,3.064414134952178,"[0.21253782510757446, 0.28645384311676025, 0.5010083317756653]",1.0,0.38089810138481406,0.41019795533749204,0.013300136663019657,"[0.4908805787563324, 0.30079174041748047, 0.20832771062850952]",0,0.03638169541954994,0.0,0.06780621409416199,0.2971588671207428,"[0.0, 0.00639610830694437, 0.01090634148567915, 0.01527803298085928, 0.007550337351858616, 0.008366421796381474, 0.011859999038279057, 0.016451168805360794, 0.005280351731926203, 0.01749321073293686, 0.014278790913522243, 0.02533661387860775, 0.007877962663769722, 0.013300136663019657, 0.06780621409416199]","[0.0182633139193058, 0.013184691779315472, 0.013939760625362396, 0.011728787794709206, 0.01264091208577156, 0.010720628313720226, 0.01296709943562746, 0.009313395246863365, 0.00925136636942625, 0.007738154847174883, 0.008079851977527142, 0.008671727031469345, 0.006991255562752485, 0.0074011716060340405, 0.006472609005868435, 0.007140208967030048, 0.007676794659346342, 0.008463391102850437, 0.005146422423422337, 0.0060084485448896885, 0.005679250694811344, 0.007417722605168819, 0.0030278004705905914, 0.008331190794706345, 0.006399605423212051, 0.005526125896722078]",13364,12949,14,46263563,15,19,"{""0.95"": 7602, ""0.9"": 5442, ""0.8"": 2927, ""0.7"": 1573}"
p0015,factual_recall,capital_short,8,ok,,cuda,8.58, Nairobi,0.60546875,0.06,5.79,0.7263529623887163,0.9273095726966858,0.2736469805240631,3.146319778996369,"[0.22338099777698517, 0.16849759221076965, 0.608121395111084]",1.0,0.40747253057969435,0.4753846190096434,0.04765821993350983,"[0.4600052535533905, 0.27641740441322327, 0.2635772228240967]",0,0.04916868731379509,0.0,0.1187523603439331,0.4339618980884552,"[0.0, 0.02066260203719139, 0.030899230390787125, 0.009565702639520168, 0.023921102285385132, 0.02218775451183319, 0.04765821993350983, 0.1187523603439331]","[0.018382472917437553, 0.014177951961755753, 0.0171757061034441, 0.01801757514476776, 0.01606486178934574, 0.011977455578744411, 0.01206117682158947, 0.010383153334259987, 0.00763871893286705, 0.007373285945504904, 0.008231550455093384, 0.009513730183243752, 0.0068162474781274796, 0.0071312906220555305, 0.008289660327136517, 0.009592262096703053, 0.00789724849164486, 0.010795515030622482, 0.01052897423505783, 0.012429460883140564, 0.005834035109728575, 0.006239434238523245, 0.012041575275361538, 0.010885032825171947, 0.00785476341843605, 0.006313846912235022]",6322,6096,7,10728991,8,19,"{""0.95"": 3599, ""0.9"": 2571, ""0.8"": 1384, ""0.7"": 748}"
p0016,factual_recall,capital_med,10,ok,,cuda,12.25, Nairobi,0.34375,0.09,6.05,0.7322805523872375,0.9280827641487122,0.26771944761276245,3.1210237567274937,"[0.16607694327831268, 0.35719671845436096, 0.47672632336616516]",1.0,0.40576314784449535,0.45648354132505725,0.01592763140797615,"[0.42919597029685974, 0.30248644948005676, 0.26831763982772827]",0,0.05344323813915253,0.0,0.09806793183088303,0.3663085401058197,"[0.0, 0.011623024009168148, 0.023968398571014404, 0.008870608173310757, 0.02700006030499935, 0.02488662116229534, 0.04374184086918831, 0.013633359223604202, 0.01592763140797615, 0.09806793183088303]","[0.017367523163557053, 0.01370946690440178, 0.014135983772575855, 0.013094368390738964, 0.01348869688808918, 0.012804169207811356, 0.011348690837621689, 0.010714251548051834, 0.008240955881774426, 0.00859557744115591, 0.00679047591984272, 0.008952338248491287, 0.010394351556897163, 0.007262764032930136, 0.009173890575766563, 0.00956735946238041, 0.010457571595907211, 0.009787183254957199, 0.008153790608048439, 0.010236820206046104, 0.008365684188902378, 0.009965351782739162, 0.008964115753769875, 0.00967441312968731, 0.008818810805678368, 0.007654858753085136]",7821,7541,9,16386751,10,19,"{""0.95"": 4487, ""0.9"": 3186, ""0.8"": 1711, ""0.7"": 941}"
p0017,factual_recall,capital_long,15,ok,,cuda,27.15, Nairobi,0.373046875,0.26,7.73,0.7666158114195946,0.9373741149902344,0.2333838790655136,3.0727343532848326,"[0.19164353609085083, 0.2830088138580322, 0.5253475904464722]",1.0,0.4148787081552449,0.4467924549364176,0.010810276493430138,"[0.4932583272457123, 0.283349871635437, 0.22339174151420593]",0,0.037888526916503906,0.0,0.07057127356529236,0.30238279700279236,"[0.0, 0.005789704620838165, 0.00975006353110075, 0.014720086939632893, 0.006508117541670799, 0.007958538830280304, 0.010446762666106224, 0.01620139367878437, 0.005581005942076445, 0.01896047219634056, 0.014860065653920174, 0.032572679221630096, 0.008653444238007069, 0.010810276493430138, 0.07057127356529236]","[0.01789674535393715, 0.013317524455487728, 0.014311685226857662, 0.012165970169007778, 0.013544668443500996, 0.011602469719946384, 0.01158423162996769, 0.01142195612192154, 0.009273299016058445, 0.007718254812061787, 0.006257050670683384, 0.008259829133749008, 0.008254692889750004, 0.007410187274217606, 0.007736613973975182, 0.006853644736111164, 0.006448076572269201, 0.007190949283540249, 0.007228786125779152, 0.007018717005848885, 0.0059682163409888744, 0.007948031648993492, 0.0053830696269869804, 0.006458415184170008, 0.006241180002689362, 0.005889616906642914]",13280,12865,14,45809129,15,19,"{""0.95"": 7325, ""0.9"": 5181, ""0.8"": 2752, ""0.7"": 1463}"
p0018,factual_recall,capital_short,8,ok,,cuda,8.53, Oslo,0.55859375,0.06,5.79,0.7105687378382277,0.9224868416786194,0.2894311845302582,3.155911174533294,"[0.21180246770381927, 0.1520179808139801, 0.6361795663833618]",1.0,0.4217188925732911,0.4920053746688396,0.06187646463513374,"[0.4579724967479706, 0.29723820090293884, 0.2447892278432846]",2,0.05182966589927673,0.0,0.12225373834371567,0.4223931133747101,"[0.0, 0.021228544414043427, 0.029991235584020615, 0.010082460939884186, 0.020912175998091698, 0.02308656834065914, 0.06187646463513374, 0.12225373834371567]","[0.018162716180086136, 0.013847359456121922, 0.019537443295121193, 0.01849488541483879, 0.015927709639072418, 0.011415526270866394, 0.01149054802954197, 0.012933315709233284, 0.010742038488388062, 0.009203600697219372, 0.007837389595806599, 0.008358434773981571, 0.007990242913365364, 0.008514877408742905, 0.015221554785966873, 0.006654254160821438, 0.008349953219294548, 0.01389970351010561, 0.008770203217864037, 0.010249773040413857, 0.009590220637619495, 0.0068001835606992245, 0.0071275983937084675, 0.0104520870372653, 0.00802948884665966, 0.009830085560679436]",6405,6179,7,10916035,8,19,"{""0.95"": 3668, ""0.9"": 2626, ""0.8"": 1419, ""0.7"": 764}"
p0020,factual_recall,capital_long,15,ok,,cuda,26.71, Oslo,0.265625,0.26,7.57,0.765228723455062,0.9368543028831482,0.2347710281610489,3.070395215865215,"[0.19624152779579163, 0.28471407294273376, 0.5190443992614746]",1.0,0.4029897344091993,0.43398894474836847,0.011838668026030064,"[0.4994964003562927, 0.3014100193977356, 0.19909359514713287]",0,0.034411173313856125,0.0,0.06111353263258934,0.26031121611595154,"[0.0, 0.006154291331768036, 0.010260801762342453, 0.015133757144212723, 0.007059524767100811, 0.007463446352630854, 0.01185244508087635, 0.016966378316283226, 0.004969064146280289, 0.018479162827134132, 0.014575562439858913, 0.040560077875852585, 0.00834430381655693, 0.011838668026030064, 0.06111353263258934]","[0.018351798877120018, 0.012961768545210361, 0.015500077977776527, 0.013273373246192932, 0.012126131914556026, 0.012300168164074421, 0.012912451289594173, 0.010441380552947521, 0.009400120005011559, 0.00801838468760252, 0.007843563333153725, 0.008217410184442997, 0.007054342422634363, 0.007651835680007935, 0.008848614990711212, 0.006554613821208477, 0.00870600063353777, 0.00786757655441761, 0.004098878242075443, 0.008231353014707565, 0.006444724276661873, 0.006615079008042812, 0.005661488510668278, 0.0064247604459524155, 0.004850834608078003, 0.0044142864644527435]",13325,12910,14,45861319,15,19,"{""0.95"": 7496, ""0.9"": 5339, ""0.8"": 2842, ""0.7"": 1512}"
p0021,factual_recall,capital_short,8,ok,,cuda,8.6, Lima,0.53515625,0.06,5.8,0.7246677547297186,0.9265022277832031,0.2753322124481201,3.1343625031317672,"[0.22837184369564056, 0.16739507019519806, 0.6042330861091614]",1.0,0.39884518763400334,0.46531938557300395,0.04848663881421089,"[0.45976048707962036, 0.28077781200408936, 0.2594616413116455]",3,0.052954740822315216,0.0,0.11787819117307663,0.42813077569007874,"[0.0, 0.021335525438189507, 0.030924895778298378, 0.010617705062031746, 0.022656338289380074, 0.023432914167642593, 0.04848663881421089, 0.11787819117307663]","[0.018379392102360725, 0.014799855649471283, 0.01670505478978157, 0.01853579841554165, 0.014045034535229206, 0.012578191235661507, 0.011753308586776257, 0.00923432782292366, 0.010555913671851158, 0.007233544252812862, 0.010516578331589699, 0.009612418711185455, 0.006985513959079981, 0.006483231205493212, 0.010577967390418053, 0.0060463291592895985, 0.009416661225259304, 0.010434935800731182, 0.008483676239848137, 0.00999973900616169, 0.0058710104785859585, 0.007905138656497002, 0.005070114508271217, 0.0131448432803154, 0.009816247969865799, 0.011147381737828255]",6447,6221,7,11133244,8,19,"{""0.95"": 3737, ""0.9"": 2703, ""0.8"": 1480, ""0.7"": 816}"
p0022,factual_recall,capital_med,10,ok,,cuda,12.24, Lima,0.22265625,0.09,6.07,0.7396830099915561,0.9303690195083618,0.26031699776649475,3.1185464628429314,"[0.1794886291027069, 0.36395499110221863, 0.4565562903881073]",1.0,0.3572520953947419,0.4019086073190846,0.018524793907999992,"[0.45585447549819946, 0.31873536109924316, 0.22541016340255737]",0,0.04274456575512886,0.0,0.08423157036304474,0.3235730230808258,"[0.0, 0.012187023647129536, 0.02522026002407074, 0.00931666512042284, 0.025304147973656654, 0.027515918016433716, 0.04192361980676651, 0.01609300822019577, 0.018524793907999992, 0.08423157036304474]","[0.01687665469944477, 0.013829128816723824, 0.014838206581771374, 0.013528956100344658, 0.013009232468903065, 0.013462004251778126, 0.013237083330750465, 0.010682588443160057, 0.00920281745493412, 0.007912447676062584, 0.008309057913720608, 0.009157160297036171, 0.009998762048780918, 0.008223792538046837, 0.008200250566005707, 0.009140897542238235, 0.010230932384729385, 0.011798925697803497, 0.007574564777314663, 0.008358968421816826, 0.008379880338907242, 0.005923246033489704, 0.0052524227648973465, 0.008881588466465473, 0.00596155971288681, 0.00834586936980486]",7917,7637,9,16834802,10,19,"{""0.95"": 4624, ""0.9"": 3305, ""0.8"": 1803, ""0.7"": 1000}"
p0023,factual_recall,capital_long,15,ok,,cuda,27.07, Lima,0.255859375,0.26,7.77,0.7713288344392565,0.9386679530143738,0.2286709100008011,3.0644559030293115,"[0.2042393535375595, 0.29389867186546326, 0.5018620491027832]",1.0,0.3865957474022991,0.4163338818178606,0.011445358395576477,"[0.49878042936325073, 0.2960353195667267, 0.20518425107002258]",0,0.034840330481529236,0.0,0.06320617347955704,0.27640673518180847,"[0.0, 0.005985126364976168, 0.010509166866540909, 0.01533449161797762, 0.007043913006782532, 0.007830899208784103, 0.011105407029390335, 0.016681263223290443, 0.0054673864506185055, 0.019044173881411552, 0.0149078369140625, 0.03082888573408127, 0.009280822239816189, 0.011445358395576477, 0.06320617347955704]","[0.018376752734184265, 0.013379423879086971, 0.014078831300139427, 0.013301709666848183, 0.012856840156018734, 0.011876953765749931, 0.011770043522119522, 0.00854425597935915, 0.009871765039861202, 0.007186269853264093, 0.007835346274077892, 0.00855516642332077, 0.006957555189728737, 0.007972965948283672, 0.007161605171859264, 0.007094688713550568, 0.006872688420116901, 0.008058376610279083, 0.005181053187698126, 0.006898287683725357, 0.00594449695199728, 0.007185148540884256, 0.003244888037443161, 0.005682009272277355, 0.005948665551841259, 0.0068351211957633495]",13352,12937,14,46293669,15,19,"{""0.95"": 7524, ""0.9"": 5371, ""0.8"": 2882, ""0.7"": 1542}"
p0025,factual_recall,capital_med,10,ok,,cuda,12.31, Bangkok,0.2021484375,0.1,6.08,0.7357135257550196,0.9293727278709412,0.26428645849227905,3.1356612862270135,"[0.17812485992908478, 0.3654056191444397, 0.45646947622299194]",1.0,0.36243393618434444,0.4077381782073875,0.018385866656899452,"[0.4596644937992096, 0.3076750338077545, 0.23266053199768066]",0,0.04606654867529869,0.0,0.08566680550575256,0.32414379715919495,"[0.0, 0.012413661926984787, 0.025721728801727295, 0.008940593339502811, 0.025669321417808533, 0.025629116222262383, 0.045273307710886, 0.016586020588874817, 0.018385866656899452, 0.08566680550575256]","[0.01750286854803562, 0.013631731271743774, 0.014457710087299347, 0.013802274130284786, 0.013456419110298157, 0.01433398388326168, 0.013774855993688107, 0.011763367801904678, 0.008759877644479275, 0.008208105340600014, 0.008002197369933128, 0.009084257297217846, 0.009603273123502731, 0.007310565561056137, 0.008874988183379173, 0.009163540787994862, 0.011813043616712093, 0.009254355914890766, 0.0075391074642539024, 0.007883364334702492, 0.010235917754471302, 0.008725037798285484, 0.007054339163005352, 0.0072631025686860085, 0.008536151610314846, 0.004251997917890549]",7935,7655,9,16942861,10,19,"{""0.95"": 4652, ""0.9"": 3333, ""0.8"": 1811, ""0.7"": 1006}"
p0026,factual_recall,capital_long,15,ok,,cuda,26.99, Bangkok,0.328125,0.27,7.58,0.7666627456694264,0.9373617172241211,0.23333695530891418,3.072348791506635,"[0.20008988678455353, 0.2835058867931366, 0.5164041519165039]",1.0,0.39606583930536704,0.4265324423288568,0.010953542776405811,"[0.505586564540863, 0.27025240659713745, 0.2241610437631607]",0,0.039596494287252426,0.0,0.06480693072080612,0.27773964405059814,"[0.0, 0.006166642997413874, 0.010379604063928127, 0.01493389904499054, 0.007257257122546434, 0.007950964383780956, 0.011661708354949951, 0.016846265643835068, 0.005455035250633955, 0.018126964569091797, 0.014062433503568172, 0.035453226417303085, 0.009282492101192474, 0.010953542776405811, 0.06480693072080612]","[0.01835223287343979, 0.013465062715113163, 0.013972568325698376, 0.013636793941259384, 0.013207640498876572, 0.01306365616619587, 0.012655817903578281, 0.010857613757252693, 0.00876063946634531, 0.007182587403804064, 0.0060586570762097836, 0.008012985810637474, 0.007470562122762203, 0.006609421223402023, 0.007733468897640705, 0.006638524122536182, 0.007134731858968735, 0.006218934431672096, 0.005498345009982586, 0.007210215087980032, 0.008227484300732613, 0.006605107802897692, 0.004984426777809858, 0.00651705265045166, 0.008255447261035442, 0.005006975028663874]",13374,12959,14,46508883,15,19,"{""0.95"": 7519, ""0.9"": 5351, ""0.8"": 2849, ""0.7"": 1520}"
p0027,factual_recall,capital_short,8,ok,,cuda,8.49, Lisbon,0.6796875,0.06,5.79,0.7016900600010192,0.9200776219367981,0.29830992221832275,3.171846787055951,"[0.21125587821006775, 0.13778547942638397, 0.6509586572647095]",1.0,0.44864940258072544,0.5234243030108464,0.05336598679423332,"[0.42538878321647644, 0.260246217250824, 0.3143649101257324]",23,0.06698334962129593,0.0,0.1408214271068573,0.47206416726112366,"[0.0, 0.02173456735908985, 0.031096825376152992, 0.010188329964876175, 0.020197339355945587, 0.02090543694794178, 0.05336598679423332, 0.1408214271068573]","[0.018002476543188095, 0.013748303055763245, 0.017981896176934242, 0.017916038632392883, 0.016607658937573433, 0.012340916320681572, 0.009415879845619202, 0.012638474814593792, 0.008246059529483318, 0.010239236056804657, 0.008091862313449383, 0.006886314135044813, 0.0065871733240783215, 0.00916074588894844, 0.008214914239943027, 0.01419356931000948, 0.007446227595210075, 0.0068139866925776005, 0.015163037925958633, 0.011631790548563004, 0.011995327658951283, 0.008133817464113235, 0.013156778179109097, 0.02345726080238819, 0.00393287930637598, 0.006307290401309729]",6381,6155,7,10795996,8,19,"{""0.95"": 3661, ""0.9"": 2629, ""0.8"": 1407, ""0.7"": 760}"
p0028,factual_recall,capital_med,10,ok,,cuda,12.22, Lisbon,0.2109375,0.1,6.08,0.7329018334419082,0.9286758899688721,0.26709815859794617,3.1445446156326415,"[0.17863066494464874, 0.3419874608516693, 0.479381799697876]",1.0,0.3774472530411374,0.4246281596712796,0.018792707473039627,"[0.44719380140304565, 0.31626206636428833, 0.23654428124427795]",0,0.046824220567941666,0.0,0.09378169476985931,0.3511132299900055,"[0.0, 0.012743422761559486, 0.02585752308368683, 0.009110983461141586, 0.024394411593675613, 0.024809783324599266, 0.042140036821365356, 0.015467600896954536, 0.018792707473039627, 0.09378169476985931]","[0.018042951822280884, 0.013339332304894924, 0.014415641315281391, 0.013729655183851719, 0.01428304798901081, 0.01290612667798996, 0.012838756665587425, 0.011022550985217094, 0.008866559714078903, 0.008766929619014263, 0.007986422628164291, 0.009247062727808952, 0.009388528764247894, 0.008649074472486973, 0.008659265004098415, 0.00966566614806652, 0.011830911040306091, 0.010279138572514057, 0.008115696720778942, 0.008240614086389542, 0.008650100789964199, 0.007151211611926556, 0.009201480075716972, 0.010511879809200764, 0.006340989843010902, 0.0049685584381222725]",7945,7665,9,16880864,10,19,"{""0.95"": 4647, ""0.9"": 3331, ""0.8"": 1810, ""0.7"": 997}"
p0029,factual_recall,capital_long,15,ok,,cuda,27.05, Lisbon,0.376953125,0.27,7.58,0.7629149820640523,0.9363128542900085,0.23708480596542358,3.0773657929911855,"[0.19277246296405792, 0.2735499143600464, 0.5336776375770569]",1.0,0.40918997171961863,0.44066612339035854,0.010969351977109909,"[0.4804990887641907, 0.2887307405471802, 0.23077014088630676]",0,0.03859356790781021,0.0,0.06842183321714401,0.2885964512825012,"[0.0, 0.005892586894333363, 0.010256403125822544, 0.014443418011069298, 0.007147977128624916, 0.007963036186993122, 0.011111482977867126, 0.016454307362437248, 0.005614731926470995, 0.017469163984060287, 0.014204840175807476, 0.03785303235054016, 0.009282638318836689, 0.010969351977109909, 0.06842183321714401]","[0.018631797283887863, 0.013029667548835278, 0.014148418791592121, 0.01318054273724556, 0.014196590520441532, 0.01118825189769268, 0.011544608511030674, 0.010065807029604912, 0.007933349348604679, 0.008984559215605259, 0.007914204150438309, 0.008400842547416687, 0.008059483952820301, 0.007889091968536377, 0.0056789228692650795, 0.007569051813334227, 0.006858449894934893, 0.007099064998328686, 0.008378309197723866, 0.007740220054984093, 0.006665129214525223, 0.005743114743381739, 0.007544828113168478, 0.009894924238324165, 0.004610281903296709, 0.004135288763791323]",13365,12950,14,46245064,15,19,"{""0.95"": 7474, ""0.9"": 5311, ""0.8"": 2828, ""0.7"": 1501}"
p0030,factual_recall,capital_short,8,ok,,cuda,8.56, Athens,0.515625,0.06,5.85,0.7170621629151944,0.9233106970787048,0.28293779492378235,3.0975882272020945,"[0.22221866250038147, 0.1584855169057846, 0.6192958354949951]",1.0,0.41435840844700866,0.4834181431881768,0.05520142242312431,"[0.46629711985588074, 0.27938589453697205, 0.25431692600250244]",3,0.04817753657698631,0.0,0.1200207844376564,0.42419496178627014,"[0.0, 0.02111993171274662, 0.03237522765994072, 0.009378897957503796, 0.022132063284516335, 0.022709477692842484, 0.05520142242312431, 0.1200207844376564]","[0.017106879502534866, 0.013586919754743576, 0.018642034381628036, 0.018883833661675453, 0.01716751605272293, 0.013556750491261482, 0.011285606771707535, 0.011256124824285507, 0.010447435081005096, 0.009540166705846786, 0.007745052687823772, 0.005658158101141453, 0.00783860869705677, 0.008498191833496094, 0.009262342005968094, 0.010678027756512165, 0.007449684664607048, 0.01237859670072794, 0.01448326837271452, 0.009295077063143253, 0.004409401677548885, 0.007047624792903662, 0.005463193170726299, 0.013449466787278652, 0.013351459056138992, 0.004456388298422098]",6460,6234,7,11108329,8,19,"{""0.95"": 3718, ""0.9"": 2651, ""0.8"": 1430, ""0.7"": 773}"
p0031,factual_recall,capital_med,10,ok,,cuda,12.3, also,0.1533203125,0.1,6.09,0.741707532609407,0.930936872959137,0.25829243659973145,3.1253642035675497,"[0.18041418492794037, 0.3394410312175751, 0.48014479875564575]",1.0,0.36923400900213166,0.4153882601273981,0.020484374836087227,"[0.452816903591156, 0.3239400088787079, 0.22324320673942566]",0,0.044276654720306396,0.0,0.08986585587263107,0.3479229211807251,"[0.0, 0.012409273535013199, 0.02550366334617138, 0.00868668407201767, 0.02498638816177845, 0.024854175746440887, 0.03783448785543442, 0.01366753876209259, 0.020484374836087227, 0.08986585587263107]","[0.017183393239974976, 0.013688568025827408, 0.014419959858059883, 0.013007410801947117, 0.012714773416519165, 0.013455428183078766, 0.012502007186412811, 0.010681386105716228, 0.00930623710155487, 0.008676149882376194, 0.007916691713035107, 0.009143602102994919, 0.010079237632453442, 0.006849891506135464, 0.00796122569590807, 0.010799096897244453, 0.01112552359700203, 0.011119824834167957, 0.006794326473027468, 0.006591040175408125, 0.009831600822508335, 0.008386694826185703, 0.005876671522855759, 0.008621858432888985, 0.00717086112126708, 0.004388970322906971]",8019,7739,9,17214222,10,19,"{""0.95"": 4675, ""0.9"": 3341, ""0.8"": 1805, ""0.7"": 996}"
p0032,factual_recall,capital_long,15,ok,,cuda,26.92, Athens,0.2119140625,0.27,7.59,0.7729636474127247,0.9389085173606873,0.22703608870506287,3.051632367614292,"[0.20288297533988953, 0.2888433337211609, 0.5082736611366272]",1.0,0.3891632733648468,0.41909890977752734,0.01185840368270874,"[0.4895588159561157, 0.30054107308387756, 0.20990008115768433]",0,0.035700153559446335,0.0,0.06573575735092163,0.28953880071640015,"[0.0, 0.00609878683462739, 0.010411807335913181, 0.014264451339840889, 0.007100753486156464, 0.008185958489775658, 0.010927005670964718, 0.015953069552779198, 0.005600692704319954, 0.01860268972814083, 0.014494402334094048, 0.02927820384502411, 0.008524100296199322, 0.01185840368270874, 0.06573575735092163]","[0.01804470457136631, 0.013325920328497887, 0.01406781654804945, 0.012577353045344353, 0.01145098265260458, 0.011527289636433125, 0.011461015790700912, 0.008847998455166817, 0.009844438172876835, 0.008600972592830658, 0.0070229023694992065, 0.00803186185657978, 0.008186131715774536, 0.006593697238713503, 0.0065703121945261955, 0.007191929966211319, 0.007669319398701191, 0.008366544730961323, 0.006308364681899548, 0.005646372213959694, 0.006567395757883787, 0.007922186516225338, 0.003907098434865475, 0.005864220205694437, 0.006762975826859474, 0.004676279611885548]",13399,12984,14,46282776,15,19,"{""0.95"": 7579, ""0.9"": 5402, ""0.8"": 2881, ""0.7"": 1535}"
p0033,factual_recall,capital_short,8,ok,,cuda,8.6, Havana,0.63671875,0.06,5.8,0.7161095782616358,0.9249226450920105,0.28389039635658264,3.189074952991133,"[0.20756463706493378, 0.14756973087787628, 0.6448657512664795]",1.0,0.43597803397813484,0.5086410396411573,0.05396229773759842,"[0.4396514594554901, 0.2961568534374237, 0.26419174671173096]",22,0.060003507882356644,0.0,0.12910886108875275,0.45478418469429016,"[0.0, 0.020267758518457413, 0.02871435321867466, 0.009943485260009766, 0.020404668524861336, 0.02148895338177681, 0.05396229773759842, 0.12910886108875275]","[0.017745941877365112, 0.015032939612865448, 0.016862083226442337, 0.01503930613398552, 0.015079651959240437, 0.011990860104560852, 0.013021151535212994, 0.010710140690207481, 0.009330730885267258, 0.008757030591368675, 0.00818389467895031, 0.006952912081032991, 0.006755056791007519, 0.009329850785434246, 0.015587314032018185, 0.009791767224669456, 0.00825949851423502, 0.010458756238222122, 0.006210260558873415, 0.008787729777395725, 0.008573346771299839, 0.009282357059419155, 0.019394248723983765, 0.006817959249019623, 0.004296682775020599, 0.011638913303613663]",6455,6229,7,11142652,8,19,"{""0.95"": 3685, ""0.9"": 2652, ""0.8"": 1434, ""0.7"": 777}"
p0034,factual_recall,capital_med,10,ok,,cuda,12.26, Havana,0.26953125,0.1,6.1,0.7340393722688591,0.9289568066596985,0.26596060395240784,3.1394836601157596,"[0.1672198325395584, 0.3819006681442261, 0.4508795142173767]",1.0,0.372933891067454,0.4195506274508858,0.017102207988500595,"[0.4451804459095001, 0.3186458647251129, 0.23617364466190338]",0,0.047186240553855896,0.0,0.08425596356391907,0.3167986571788788,"[0.0, 0.0118793323636055, 0.02425561286509037, 0.00833894219249487, 0.024529213085770607, 0.024585077539086342, 0.052456244826316833, 0.018558014184236526, 0.017102207988500595, 0.08425596356391907]","[0.017803987488150597, 0.014095667749643326, 0.014417692087590694, 0.012157231569290161, 0.012296262197196484, 0.013045137748122215, 0.01334783062338829, 0.011373279616236687, 0.009863377548754215, 0.008769153617322445, 0.00777845224365592, 0.009411578997969627, 0.008424883708357811, 0.007648150436580181, 0.009100849740207195, 0.009580036625266075, 0.009267017245292664, 0.014767127111554146, 0.008224010467529297, 0.007402640767395496, 0.009055380709469318, 0.0066549936309456825, 0.010437706485390663, 0.008757296949625015, 0.008209110237658024, 0.00407175300642848]",7990,7710,9,17086350,10,19,"{""0.95"": 4682, ""0.9"": 3359, ""0.8"": 1826, ""0.7"": 1011}"
p0035,factual_recall,capital_long,15,ok,,cuda,27.18, Havana,0.380859375,0.27,7.62,0.7695627743110937,0.938429594039917,0.2304369956254959,3.0832237566104705,"[0.20098960399627686, 0.26622602343559265, 0.5327843427658081]",1.0,0.39886300418420073,0.42954477373683153,0.011317086406052113,"[0.4864462912082672, 0.29877859354019165, 0.21477515995502472]",0,0.03670673817396164,0.0,0.05911831930279732,0.2565487325191498,"[0.0, 0.005766440182924271, 0.010451167821884155, 0.014809418469667435, 0.007296589203178883, 0.00799182616174221, 0.010694310069084167, 0.015617847442626953, 0.004624141845852137, 0.017403176054358482, 0.013008846901357174, 0.04229939356446266, 0.010038420557975769, 0.011317086406052113, 0.05911831930279732]","[0.018260199576616287, 0.01550970133394003, 0.013744594529271126, 0.01136096753180027, 0.012279367074370384, 0.011049266904592514, 0.012209395878016949, 0.009656921029090881, 0.008024797774851322, 0.007976503111422062, 0.006997392512857914, 0.0075285714119672775, 0.0071067288517951965, 0.0075073461048305035, 0.007934960536658764, 0.0054944646544754505, 0.007069179322570562, 0.01123448833823204, 0.006524576339870691, 0.006260826252400875, 0.006878134794533253, 0.0050881486386060715, 0.008724749088287354, 0.00512151513248682, 0.006093165837228298, 0.004801022820174694]",13473,13058,14,46668594,15,19,"{""0.95"": 7564, ""0.9"": 5390, ""0.8"": 2870, ""0.7"": 1530}"
p0036,factual_recall,sport_short,9,ok,,cuda,11.43, basketball,0.83203125,0.1,6.11,0.7201824188232422,0.9303127527236938,0.2798175811767578,3.4776729666449078,"[0.17856408655643463, 0.40282028913497925, 0.4186156392097473]",1.0,0.410862586381553,0.4695572415789177,0.026235027238726616,"[0.48182108998298645, 0.2752439081668854, 0.24293485283851624]",1,0.04578045383095741,0.0,0.09090100228786469,0.32485800981521606,"[0.0, 0.01721670851111412, 0.02410881035029888, 0.008639860898256302, 0.0722290426492691, 0.029339907690882683, 0.011147258803248405, 0.026235027238726616, 0.09090100228786469]","[0.020605485886335373, 0.026712307706475258, 0.017142482101917267, 0.016581576317548752, 0.017401093617081642, 0.010214938782155514, 0.010451119393110275, 0.008837847970426083, 0.006875188555568457, 0.006406793836504221, 0.006088080815970898, 0.00903132651001215, 0.0075025400146842, 0.008230592124164104, 0.013220595195889473, 0.01158207468688488, 0.006718265824019909, 0.008237840607762337, 0.012432776391506195, 0.009764233604073524, 0.006655578501522541, 0.008738876320421696, 0.018006816506385803, 0.005129770375788212, 0.004662304185330868, 0.002587106078863144]",8002,7750,8,17053460,9,19,"{""0.95"": 4583, ""0.9"": 3268, ""0.8"": 1794, ""0.7"": 990}"
p0037,factual_recall,sport_short,9,ok,,cuda,11.92, tennis,0.953125,0.11,6.19,0.7164303491372078,0.9297319054603577,0.2835696339607239,3.498539162655861,"[0.2464250773191452, 0.3559233546257019, 0.3976515829563141]",1.0,0.33220193702990947,0.37965935660561084,0.026186246424913406,"[0.4871532618999481, 0.26982825994491577, 0.24301843345165253]",1,0.050585027784109116,0.0,0.08657567203044891,0.3053065836429596,"[0.0, 0.017169572412967682, 0.026104817166924477, 0.02660427615046501, 0.06167178228497505, 0.027777567505836487, 0.01147970836609602, 0.026186246424913406, 0.08657567203044891]","[0.02504374086856842, 0.026703324168920517, 0.015061644837260246, 0.016626158729195595, 0.014735104516148567, 0.009258156642317772, 0.010150723159313202, 0.01083020493388176, 0.009732821956276894, 0.007827207446098328, 0.0065007684752345085, 0.006930152885615826, 0.00802784413099289, 0.00783237162977457, 0.01482919231057167, 0.010904425755143166, 0.0063662659376859665, 0.007296881638467312, 0.005525047890841961, 0.012802581302821636, 0.008100435137748718, 0.011249082162976265, 0.004765813238918781, 0.011095592752099037, 0.009903882630169392, 0.0054702237248420715]",8362,8118,8,18547517,9,19,"{""0.95"": 4899, ""0.9"": 3504, ""0.8"": 1925, ""0.7"": 1065}"
p0038,factual_recall,sport_short,9,ok,,cuda,11.25, soccer,0.47265625,0.09,6.06,0.7038373594090175,0.9258195161819458,0.29616260528564453,3.471929637622884,"[0.20175965130329132, 0.3153734505176544, 0.48286697268486023]",1.0,0.38284339640652537,0.43753531017888614,0.031662896275520325,"[0.44416344165802, 0.29742422699928284, 0.25841227173805237]",0,0.04776963219046593,0.0,0.11134424805641174,0.3759564459323883,"[0.0, 0.018586087971925735, 0.028218436986207962, 0.012949137948453426, 0.04836583882570267, 0.03174624219536781, 0.013289731927216053, 0.031662896275520325, 0.11134424805641174]","[0.021076709032058716, 0.01856318861246109, 0.01800132356584072, 0.014557606540620327, 0.01541959960013628, 0.011865139938890934, 0.01212800107896328, 0.011071162298321724, 0.008861880749464035, 0.009404705837368965, 0.0057986886240541935, 0.006108928006142378, 0.009405959397554398, 0.00946839340031147, 0.014940505847334862, 0.008668805472552776, 0.008185124024748802, 0.01610482484102249, 0.018487604334950447, 0.01027481909841299, 0.006944447755813599, 0.007115971762686968, 0.008794985711574554, 0.010040118359029293, 0.007076377049088478, 0.0077977292239665985]",7790,7537,8,16230011,9,19,"{""0.95"": 4516, ""0.9"": 3214, ""0.8"": 1737, ""0.7"": 966}"
p0039,factual_recall,sport_short,9,ok,,cuda,11.92, golf,0.984375,0.11,6.17,0.7111662454108146,0.929632306098938,0.28883373737335205,3.5730523842158095,"[0.21406884491443634, 0.3564337491989136, 0.4294973909854889]",1.0,0.3633140503827034,0.4152160575802325,0.026145808398723602,"[0.48965486884117126, 0.2564164698123932, 0.25392860174179077]",0,0.05263994634151459,0.0,0.09790752828121185,0.3389753997325897,"[0.0, 0.01603841781616211, 0.025243889540433884, 0.02054799534380436, 0.058870259672403336, 0.030928784981369972, 0.013151051476597786, 0.026145808398723602, 0.09790752828121185]","[0.03200821951031685, 0.024461502209305763, 0.01625472865998745, 0.015536487102508545, 0.013985909521579742, 0.010450132191181183, 0.011419837363064289, 0.008093541488051414, 0.009218500927090645, 0.008792625740170479, 0.006073031108826399, 0.008056022226810455, 0.0069126468151807785, 0.009676570072770119, 0.007028141058981419, 0.010194601491093636, 0.009170524775981903, 0.00815756618976593, 0.01134607195854187, 0.009357140399515629, 0.0028777909465134144, 0.011392763815820217, 0.0029956733342260122, 0.014166362583637238, 0.010664746165275574, 0.010542607866227627]",8401,8157,8,18823168,9,19,"{""0.95"": 4886, ""0.9"": 3468, ""0.8"": 1868, ""0.7"": 1004}"
p0040,arithmetic,bare_short,7,ok,,cuda,6.66,9,0.60546875,0.04,5.68,0.7040352401712394,0.9273433089256287,0.295964777469635,3.5351000526789176,"[0.09183549880981445, 0.3014077842235565, 0.6067566871643066]",1.0,0.42851064631959085,0.514212775583509,0.042400430887937546,"[0.4396296739578247, 0.2740299105644226, 0.2863403558731079]",0,0.06759415566921234,0.0,0.13717816770076752,0.4634948968887329,"[0.0, 0.010891781188547611, 0.016288289800286293, 0.0562957264482975, 0.032910365611314774, 0.042400430887937546, 0.13717816770076752]","[0.019525662064552307, 0.014031142927706242, 0.015525580383837223, 0.015545106492936611, 0.015015652403235435, 0.015687596052885056, 0.017760343849658966, 0.007783736102283001, 0.009240081533789635, 0.00794244185090065, 0.008942047134041786, 0.00870156567543745, 0.007936280220746994, 0.00870835967361927, 0.00855577178299427, 0.013405988924205303, 0.008398358710110188, 0.00851239264011383, 0.010527570731937885, 0.006624933332204819, 0.008808717131614685, 0.01687023974955082, 0.013346738182008266, 0.010106914676725864, 0.003925610333681107, 0.014535939320921898]",4782,4583,6,6172993,7,21,"{""0.95"": 2758, ""0.9"": 1950, ""0.8"": 1065, ""0.7"": 612}"
p0041,arithmetic,bare_short,7,ok,,cuda,6.66,4,0.59375,0.04,5.68,0.6949096736258074,0.9244049787521362,0.3050903081893921,3.5296256793485337,"[0.09312363713979721, 0.2390521615743637, 0.6678242683410645]",1.0,0.4749182343702504,0.5699018812443004,0.042008303105831146,"[0.4077872037887573, 0.27616453170776367, 0.3160482943058014]",20,0.07656558603048325,0.0,0.16173839569091797,0.5301328301429749,"[0.0, 0.00938290823251009, 0.019028211012482643, 0.04889728128910065, 0.024035219103097916, 0.042008303105831146, 0.16173839569091797]","[0.018176861107349396, 0.013548668473958969, 0.013767445459961891, 0.014338870532810688, 0.014051481150090694, 0.015656553208827972, 0.015270145609974861, 0.010921450331807137, 0.008680449798703194, 0.008974245749413967, 0.008190030232071877, 0.009908633306622505, 0.007935542613267899, 0.009915761649608612, 0.00915641337633133, 0.00906836986541748, 0.011220963671803474, 0.009885163977742195, 0.011453671380877495, 0.008404014632105827, 0.019849887117743492, 0.01574215292930603, 0.011954591609537601, 0.007635807152837515, 0.006901303306221962, 0.014481845311820507]",4811,4612,6,6272605,7,21,"{""0.95"": 2751, ""0.9"": 1925, ""0.8"": 1038, ""0.7"": 592}"
p0043,arithmetic,bare_short,7,ok,,cuda,6.35,9,0.5,0.03,5.68,0.7041352810940315,0.9257560968399048,0.29586470127105713,3.4672569443658428,"[0.12689653038978577, 0.21720071136951447, 0.6559027433395386]",1.0,0.4436287454356754,0.5323544945228105,0.034810323268175125,"[0.3857435882091522, 0.3032993674278259, 0.3109572231769562]",25,0.07738599181175232,0.0,0.15924812853336334,0.5382465124130249,"[0.0, 0.019314751029014587, 0.018229451030492783, 0.042456746101379395, 0.02180526778101921, 0.034810323268175125, 0.15924812853336334]","[0.017725011333823204, 0.014186255633831024, 0.013509782031178474, 0.012469334527850151, 0.012887208722531796, 0.012041755020618439, 0.014371683821082115, 0.008426191285252571, 0.008510660380125046, 0.008717462420463562, 0.007987914606928825, 0.008423710241913795, 0.009270135313272476, 0.00829892884939909, 0.008107699453830719, 0.014479064382612705, 0.010920523665845394, 0.013530122116208076, 0.006052841432392597, 0.008562400005757809, 0.011616569012403488, 0.012957606464624405, 0.015981677919626236, 0.008236932568252087, 0.007775438483804464, 0.020817771553993225]",4559,4360,6,5695504,7,21,"{""0.95"": 2595, ""0.9"": 1822, ""0.8"": 1002, ""0.7"": 583}"
p0044,arithmetic,bare_short,7,ok,,cuda,6.39,8,0.78125,0.04,5.68,0.6979038327307652,0.9274306893348694,0.3020961582660675,3.655119879869856,"[0.12206579744815826, 0.2395615577697754, 0.6383727192878723]",1.0,0.411268200913915,0.49352184109669806,0.04397965222597122,"[0.4036635160446167, 0.28963467478752136, 0.3067018985748291]",25,0.0770796537399292,0.0,0.14887027442455292,0.4927910566329956,"[0.0, 0.016293039545416832, 0.020582567900419235, 0.04237421602010727, 0.029996400699019432, 0.04397965222597122, 0.14887027442455292]","[0.017781168222427368, 0.012684891931712627, 0.01431302074342966, 0.014970256946980953, 0.015251656994223595, 0.014044532552361488, 0.015308795496821404, 0.008983037434518337, 0.008607828989624977, 0.009808473289012909, 0.007370591163635254, 0.010213818401098251, 0.009028363972902298, 0.008335585705935955, 0.010852569714188576, 0.011157236993312836, 0.010332904756069183, 0.010397965088486671, 0.008945025503635406, 0.006628774106502533, 0.016595914959907532, 0.017279352992773056, 0.009177403524518013, 0.008488353341817856, 0.003648042678833008, 0.021890586242079735]",4603,4405,6,5820301,7,21,"{""0.95"": 2618, ""0.9"": 1806, ""0.8"": 967, ""0.7"": 559}"
p0045,arithmetic,bare_short,7,ok,,cuda,6.56,1,0.703125,0.04,5.68,0.7107758945689139,0.9279703497886658,0.2892240881919861,3.4758965360105156,"[0.11793776601552963, 0.2627330422401428, 0.6193291544914246]",1.0,0.4047087165195803,0.4856504598234963,0.03693372383713722,"[0.43204668164253235, 0.2949332296848297, 0.2730201482772827]",20,0.06689143925905228,0.0,0.14219118654727936,0.49162980914115906,"[0.0, 0.015574423596262932, 0.01853601634502411, 0.040972065180540085, 0.035016659647226334, 0.03693372383713722, 0.14219118654727936]","[0.01845230907201767, 0.013607744127511978, 0.014131078496575356, 0.017480231821537018, 0.01539105549454689, 0.01213297713547945, 0.014550084248185158, 0.00832238420844078, 0.010890422388911247, 0.007237409241497517, 0.007814303040504456, 0.009902586229145527, 0.008563092909753323, 0.00820558238774538, 0.011363882571458817, 0.01233743503689766, 0.008544091135263443, 0.011333406902849674, 0.00592971034348011, 0.006142846774309874, 0.019050680100917816, 0.014161896891891956, 0.0074213482439517975, 0.0072325305081903934, 0.00935265701264143, 0.009672324173152447]",4692,4493,6,6062306,7,21,"{""0.95"": 2687, ""0.9"": 1891, ""0.8"": 1036, ""0.7"": 597}"
p0046,arithmetic,bare_short,7,ok,,cuda,6.74,4,0.734375,0.04,5.69,0.7070982456207275,0.9286701679229736,0.29290175437927246,3.5702027020264366,"[0.09488987922668457, 0.23202067613601685, 0.6730894446372986]",1.0,0.4545898710522723,0.5455078452627268,0.04745929315686226,"[0.4179477393627167, 0.28064292669296265, 0.30140936374664307]",20,0.06842255592346191,0.0,0.14968979358673096,0.5110580325126648,"[0.0, 0.010885119438171387, 0.01690829172730446, 0.040591973811388016, 0.02736729383468628, 0.04745929315686226, 0.14968979358673096]","[0.01776699349284172, 0.014798520132899284, 0.014465013518929482, 0.013272954151034355, 0.013019256293773651, 0.01415896788239479, 0.015452250838279724, 0.009939707815647125, 0.00954397302120924, 0.008275206200778484, 0.007945599965751171, 0.00752269709482789, 0.007467673160135746, 0.008615763857960701, 0.009266631677746773, 0.009112106636166573, 0.013925029896199703, 0.010070092976093292, 0.011483042500913143, 0.008377728052437305, 0.01779608614742756, 0.012567000463604927, 0.012413028627634048, 0.007484917063266039, 0.008243568241596222, 0.009917957708239555]",4843,4645,6,6373499,7,22,"{""0.95"": 2753, ""0.9"": 1922, ""0.8"": 1036, ""0.7"": 591}"
p0047,arithmetic,bare_short,7,ok,,cuda,6.51,9,0.3671875,0.04,5.68,0.7019175887107849,0.9234416484832764,0.2980824112892151,3.3715793899592175,"[0.11993840336799622, 0.22720789909362793, 0.6528536677360535]",1.0,0.43128085902533314,0.5175370308303997,0.03882524371147156,"[0.40570196509361267, 0.29329362511634827, 0.30100440979003906]",22,0.0718504786491394,0.0,0.15577897429466248,0.5226036310195923,"[0.0, 0.01839183084666729, 0.017359701916575432, 0.04083101451396942, 0.026895668357610703, 0.03882524371147156, 0.15577897429466248]","[0.017913376912474632, 0.013415317051112652, 0.013952527195215225, 0.01788533665239811, 0.01338161900639534, 0.013664198108017445, 0.013823367655277252, 0.008716225624084473, 0.008180656470358372, 0.008833156898617744, 0.0074631888419389725, 0.0068517327308654785, 0.00789686944335699, 0.008709343150258064, 0.007759816478937864, 0.017898162826895714, 0.008385714143514633, 0.013627683743834496, 0.007389494217932224, 0.010484151542186737, 0.011608920991420746, 0.011180037632584572, 0.018013697117567062, 0.00575786828994751, 0.01070265844464302, 0.014587298035621643]",4746,4547,6,6207349,7,21,"{""0.95"": 2696, ""0.9"": 1901, ""0.8"": 1041, ""0.7"": 595}"
p0048,arithmetic,bare_short,7,ok,,cuda,6.62,8,0.55078125,0.04,5.68,0.7063776254653931,0.9287698268890381,0.29362237453460693,3.5850590751417775,"[0.10451352596282959, 0.2921733260154724, 0.6033132076263428]",1.0,0.42017362505089795,0.5042083500610776,0.04113350063562393,"[0.4310090243816376, 0.29761552810668945, 0.27137547731399536]",0,0.06158875674009323,0.0,0.1360127478837967,0.4632233679294586,"[0.0, 0.013969076797366142, 0.016718432307243347, 0.056206583976745605, 0.029582036659121513, 0.04113350063562393, 0.1360127478837967]","[0.018687378615140915, 0.013485982082784176, 0.014617284759879112, 0.015235481783747673, 0.01619972288608551, 0.01413041539490223, 0.015883993357419968, 0.00917544774711132, 0.009138182736933231, 0.009981703944504261, 0.008653939701616764, 0.011054870672523975, 0.009490279480814934, 0.008822052739560604, 0.00928125437349081, 0.013313550502061844, 0.008238213136792183, 0.008550716564059258, 0.007087811827659607, 0.011005345731973648, 0.016687598079442978, 0.013204501010477543, 0.0090238768607378, 0.010312426835298538, 0.01037505641579628, 0.0019852956756949425]",4803,4604,6,6309917,7,21,"{""0.95"": 2783, ""0.9"": 1945, ""0.8"": 1062, ""0.7"": 616}"
p0049,arithmetic,bare_short,7,ok,,cuda,6.51,8,0.73046875,0.04,5.68,0.6941302236396207,0.9268296957015991,0.3058697581291199,3.6811606444839144,"[0.12083446979522705, 0.2629163861274719, 0.616249144077301]",1.0,0.4234350337861253,0.5081220405433504,0.03509356826543808,"[0.41529515385627747, 0.2842499613761902, 0.3004549741744995]",25,0.07691974192857742,0.0,0.15339840948581696,0.5015154480934143,"[0.0, 0.016743499785661697, 0.020216112956404686, 0.0499485544860363, 0.030469613149762154, 0.03509356826543808, 0.15339840948581696]","[0.018166642636060715, 0.013295570388436317, 0.01465335302054882, 0.016643444076180458, 0.01519987266510725, 0.014646696858108044, 0.015561273321509361, 0.009251587092876434, 0.009607771411538124, 0.009571000933647156, 0.008319806307554245, 0.008996277116239071, 0.007875623181462288, 0.00801643542945385, 0.01061677560210228, 0.01064286008477211, 0.009832246229052544, 0.013072434812784195, 0.00910964421927929, 0.0058706896379590034, 0.015584796667098999, 0.015656862407922745, 0.01195169985294342, 0.006076429039239883, 0.004957230761647224, 0.02269272319972515]",4699,4500,6,6077569,7,21,"{""0.95"": 2712, ""0.9"": 1882, ""0.8"": 1005, ""0.7"": 577}"
p0050,arithmetic,bare_short,7,ok,,cuda,6.55,8,0.69140625,0.04,5.68,0.6977043151855469,0.9265002608299255,0.3022956848144531,3.6019093991895454,"[0.09378722310066223, 0.29602378606796265, 0.6101890206336975]",1.0,0.4322042672586565,0.5186451207103878,0.040711481124162674,"[0.41124653816223145, 0.28032535314559937, 0.3084281384944916]",25,0.07501108199357986,0.0,0.1437460482120514,0.475514680147171,"[0.0, 0.011134836822748184, 0.0172166395932436, 0.05532252416014671, 0.0341641902923584, 0.040711481124162674, 0.1437460482120514]","[0.018258312717080116, 0.013535450212657452, 0.014647692441940308, 0.014761011116206646, 0.015353750437498093, 0.014643116854131222, 0.015059496276080608, 0.009335636161267757, 0.008723592385649681, 0.009413857944309711, 0.009461617097258568, 0.009968013502657413, 0.0073828380554914474, 0.008191853761672974, 0.008830942213535309, 0.013299349695444107, 0.010076061822474003, 0.008116617798805237, 0.009919857606291771, 0.008305566385388374, 0.008686101995408535, 0.017103495076298714, 0.007938729599118233, 0.012618125416338444, 0.00527272978797555, 0.023391902446746826]",4714,4515,6,6018694,7,21,"{""0.95"": 2745, ""0.9"": 1924, ""0.8"": 1051, ""0.7"": 607}"
p0051,arithmetic,bare_short,7,ok,,cuda,6.46,9,0.458984375,0.04,5.68,0.6957656145095825,0.9233620166778564,0.3042343854904175,3.4660657563914463,"[0.12065466493368149, 0.2346048355102539, 0.6447404623031616]",1.0,0.43100015656206264,0.5172001878744752,0.03738820552825928,"[0.3948245048522949, 0.29441118240356445, 0.31076425313949585]",0,0.08075755089521408,0.0,0.15876401960849762,0.5218477249145508,"[0.0, 0.016235381364822388, 0.020471913740038872, 0.042377397418022156, 0.02899746038019657, 0.03738820552825928, 0.15876401960849762]","[0.01818646863102913, 0.013298911042511463, 0.014752400107681751, 0.01413617841899395, 0.01468314602971077, 0.013385789468884468, 0.015897531062364578, 0.007906651124358177, 0.007872113958001137, 0.007651410065591335, 0.00828423723578453, 0.008189908228814602, 0.00860140286386013, 0.008799346163868904, 0.010918114334344864, 0.015582399442791939, 0.010628649033606052, 0.010914534330368042, 0.007648825645446777, 0.00613879319280386, 0.010304654017090797, 0.01538031455129385, 0.01694546639919281, 0.0073034209199249744, 0.01481788232922554, 0.01600581407546997]",4647,4448,6,5938607,7,21,"{""0.95"": 2691, ""0.9"": 1891, ""0.8"": 1043, ""0.7"": 611}"
p0052,arithmetic,prefixed_med,10,ok,,cuda,11.49,9,0.73828125,0.08,5.99,0.7066444369150531,0.9283208847045898,0.2933555543422699,3.5297489732545064,"[0.2287888377904892, 0.22471824288368225, 0.546492874622345]",1.0,0.4079834803682892,0.45898141541432536,0.0270573440939188,"[0.42950114607810974, 0.2710632085800171, 0.29943570494651794]",22,0.06975742429494858,0.0,0.11816494166851044,0.4028044641017914,"[0.0, 0.008070788346230984, 0.03344634920358658, 0.025599345564842224, 0.015217029489576817, 0.01829574629664421, 0.03240957111120224, 0.015094446018338203, 0.0270573440939188, 0.11816494166851044]","[0.018521888181567192, 0.01551230438053608, 0.01714651845395565, 0.012736737728118896, 0.014530910179018974, 0.013417300768196583, 0.014369769021868706, 0.009596061892807484, 0.010165050625801086, 0.009207534603774548, 0.008097088895738125, 0.007802651263773441, 0.007509236689656973, 0.008404695428907871, 0.008125299587845802, 0.013005280867218971, 0.01040041632950306, 0.00696569075807929, 0.009086169302463531, 0.008997525088489056, 0.009257083758711815, 0.01624782755970955, 0.018932566046714783, 0.009518858045339584, 0.007231385447084904, 0.008569706231355667]",7212,6932,9,13862266,10,20,"{""0.95"": 4088, ""0.9"": 2851, ""0.8"": 1510, ""0.7"": 842}"
p0053,arithmetic,prefixed_med,10,ok,,cuda,11.57,4,0.40625,0.08,5.97,0.6937435245147177,0.9220038056373596,0.306256502866745,3.4024471759626618,"[0.22076556086540222, 0.20707960426807404, 0.5721547603607178]",1.0,0.45136035339185726,0.5077803975658394,0.023177629336714745,"[0.40599894523620605, 0.2635451555252075, 0.3304559588432312]",24,0.08272109925746918,0.0,0.13908329606056213,0.4541398882865906,"[0.0, 0.008496176451444626, 0.03387303277850151, 0.025241686031222343, 0.014122718013823032, 0.01953917182981968, 0.02975759282708168, 0.012965208850800991, 0.023177629336714745, 0.13908329606056213]","[0.017935417592525482, 0.014463132247328758, 0.01637362502515316, 0.012997614219784737, 0.015220396220684052, 0.013329560868442059, 0.014839360490441322, 0.00948814582079649, 0.009692562744021416, 0.007873507216572762, 0.008234268054366112, 0.007577459793537855, 0.008164842613041401, 0.009502315893769264, 0.008233246393501759, 0.011816116981208324, 0.011242756620049477, 0.008067900314927101, 0.008899089880287647, 0.009584094397723675, 0.0174854826182127, 0.01762489415705204, 0.009284187108278275, 0.009619630873203278, 0.020582545548677444, 0.00812436081469059]",7318,7038,9,14250343,10,20,"{""0.95"": 4139, ""0.9"": 2894, ""0.8"": 1546, ""0.7"": 874}"
p0055,arithmetic,prefixed_med,10,ok,,cuda,11.5,9,0.4375,0.08,5.94,0.7066845893859863,0.9252944588661194,0.29331541061401367,3.367372788258485,"[0.23684732615947723, 0.23281008005142212, 0.5303426384925842]",1.0,0.4253718932368587,0.47854337989146606,0.021573757752776146,"[0.42339566349983215, 0.27329331636428833, 0.3033110201358795]",0,0.0739830732345581,0.0,0.12402454018592834,0.4228367805480957,"[0.0, 0.008629902265965939, 0.03436525538563728, 0.026475809514522552, 0.018521955236792564, 0.020767029374837875, 0.02899779938161373, 0.009959383867681026, 0.021573757752776146, 0.12402454018592834]","[0.018675679340958595, 0.014737416058778763, 0.01671067252755165, 0.013024146668612957, 0.01422315463423729, 0.013662423938512802, 0.013601439073681831, 0.009423529729247093, 0.010130018927156925, 0.008861647918820381, 0.006935578770935535, 0.008380463346838951, 0.008194947615265846, 0.007501660380512476, 0.008460288867354393, 0.015553946606814861, 0.008359383791685104, 0.007913226261734962, 0.008147720247507095, 0.0068350136280059814, 0.0126953125, 0.011529143899679184, 0.010284572839736938, 0.00765108922496438, 0.014618010260164738, 0.017204944044351578]",7257,6977,9,13892795,10,20,"{""0.95"": 4140, ""0.9"": 2910, ""0.8"": 1559, ""0.7"": 878}"
p0056,arithmetic,prefixed_med,10,ok,,cuda,11.55,8,0.52734375,0.08,5.94,0.704733813373305,0.926125168800354,0.29526615142822266,3.4413721523774177,"[0.23373320698738098, 0.23887816071510315, 0.5273885130882263]",1.0,0.40117591187119117,0.4513229008550901,0.026173127815127373,"[0.43055787682533264, 0.2865169644355774, 0.28292515873908997]",0,0.06637215614318848,0.0,0.11758609861135483,0.3982377052307129,"[0.0, 0.008336220867931843, 0.03490616753697395, 0.0257711224257946, 0.018104122951626778, 0.022538725286722183, 0.02988978661596775, 0.011960758827626705, 0.026173127815127373, 0.11758609861135483]","[0.018145190551877022, 0.014816200360655785, 0.016912149265408516, 0.012562240473926067, 0.014901546761393547, 0.014110369607806206, 0.014578880742192268, 0.010246796533465385, 0.010855786502361298, 0.010057531297206879, 0.007025580387562513, 0.008769719861447811, 0.009046375751495361, 0.007937371730804443, 0.008308732882142067, 0.012920266017317772, 0.011944752186536789, 0.008588425815105438, 0.007420446258038282, 0.009745619259774685, 0.011983559466898441, 0.016721274703741074, 0.015680408105254173, 0.004350676201283932, 0.01206696406006813, 0.0055692726746201515]",7235,6955,9,14015638,10,20,"{""0.95"": 4151, ""0.9"": 2922, ""0.8"": 1557, ""0.7"": 876}"
p0057,arithmetic,prefixed_med,10,ok,,cuda,11.42,1,0.64453125,0.08,5.97,0.6936008930206299,0.9216763377189636,0.3063991069793701,3.3817511348265024,"[0.23218639194965363, 0.22076594829559326, 0.5470476746559143]",1.0,0.43009142980239984,0.4838528585276998,0.02085770107805729,"[0.40589967370033264, 0.2860146164894104, 0.30808573961257935]",0,0.07501465082168579,0.0,0.13304266333580017,0.4342136085033417,"[0.0, 0.008751589804887772, 0.03544417768716812, 0.02694593369960785, 0.01819584146142006, 0.019597450271248817, 0.02984919585287571, 0.013714558444917202, 0.02085770107805729, 0.13304266333580017]","[0.01837996579706669, 0.01430616993457079, 0.017792269587516785, 0.013489881530404091, 0.014558718539774418, 0.012255540117621422, 0.013295707292854786, 0.010714191943407059, 0.00957485195249319, 0.00890740379691124, 0.008420526050031185, 0.00857402291148901, 0.008044727146625519, 0.008704629726707935, 0.008794540539383888, 0.013405382633209229, 0.013078507035970688, 0.009704876691102982, 0.012187392450869083, 0.007195150479674339, 0.012206203304231167, 0.008323095738887787, 0.014158467762172222, 0.01551822293549776, 0.01577366329729557, 0.009034998714923859]",7140,6860,9,13636635,10,20,"{""0.95"": 4097, ""0.9"": 2888, ""0.8"": 1551, ""0.7"": 872}"
p0058,arithmetic,prefixed_med,10,ok,,cuda,11.57,4,0.62890625,0.08,5.94,0.7056714296340942,0.9266119003295898,0.29432857036590576,3.4605948469170333,"[0.23296329379081726, 0.197766974568367, 0.5692697763442993]",1.0,0.4354260224101909,0.48985427521146474,0.028605176135897636,"[0.42856040596961975, 0.28111302852630615, 0.2903265953063965]",0,0.06717799603939056,0.0,0.12418071925640106,0.4219118654727936,"[0.0, 0.008399668149650097, 0.03494400158524513, 0.02522408589720726, 0.01156465895473957, 0.01630321331322193, 0.03034060262143612, 0.01476646400988102, 0.028605176135897636, 0.12418071925640106]","[0.018748117610812187, 0.014869273640215397, 0.016717232763767242, 0.012662902474403381, 0.015634773299098015, 0.012196090072393417, 0.014871824532747269, 0.010257937014102936, 0.010179424658417702, 0.007912212051451206, 0.008825568482279778, 0.007090238854289055, 0.008205151185393333, 0.00931675173342228, 0.00724412128329277, 0.01345447264611721, 0.011789516545832157, 0.0089015644043684, 0.008181838318705559, 0.010091583244502544, 0.011894705705344677, 0.015826601535081863, 0.007450969889760017, 0.009204743430018425, 0.010732978582382202, 0.012067994102835655]",7247,6967,9,14016217,10,20,"{""0.95"": 4068, ""0.9"": 2849, ""0.8"": 1532, ""0.7"": 873}"
p0059,arithmetic,prefixed_med,10,ok,,cuda,11.43,"

",0.1650390625,0.08,5.93,0.7119744076698312,0.923969030380249,0.28802555799484253,3.2138970907805646,"[0.26504725217819214, 0.23755863308906555, 0.4973941743373871]",1.0,0.42588315595635257,0.47911855045089663,0.016617774963378906,"[0.42783328890800476, 0.2946145534515381, 0.27755218744277954]",25,0.06178657338023186,0.0,0.11729724705219269,0.4072459638118744,"[0.0, 0.010271717794239521, 0.03990612551569939, 0.026162540540099144, 0.018680395558476448, 0.021220752969384193, 0.028521811589598656, 0.009347210638225079, 0.016617774963378906, 0.11729724705219269]","[0.018024612218141556, 0.014910942874848843, 0.017373980954289436, 0.0138484425842762, 0.01494332030415535, 0.012544628232717514, 0.01277395524084568, 0.009674341417849064, 0.00913270190358162, 0.009587651118636131, 0.007161696907132864, 0.007873522117733955, 0.008518724702298641, 0.0070122769102454185, 0.00890918169170618, 0.015882737934589386, 0.009030411951243877, 0.01088031567633152, 0.008870200254023075, 0.00928535033017397, 0.010114509612321854, 0.008189688436686993, 0.008838068693876266, 0.00854705460369587, 0.007105861324816942, 0.018991388380527496]",7195,6915,9,13717502,10,20,"{""0.95"": 4160, ""0.9"": 2951, ""0.8"": 1602, ""0.7"": 915}"
p0060,arithmetic,bare_long,16,ok,,cuda,29.61,9,0.91015625,0.29,8.01,0.7150747356397845,0.9293068647384644,0.28492504358291626,3.4830762262782904,"[0.21776388585567474, 0.1809101402759552, 0.6013259291648865]",1.0,0.46526995276201016,0.4985035208164395,0.02189810201525688,"[0.4458675682544708, 0.23551180958747864, 0.31862062215805054]",0,0.08104534447193146,0.0,0.11117500066757202,0.39019033312797546,"[0.0, 0.010751545429229736, 0.004375619813799858, 0.007063659839332104, 0.023643163964152336, 0.016212398186326027, 0.01031060703098774, 0.013362044468522072, 0.013741595670580864, 0.007398700807243586, 0.006732880137860775, 0.011873830109834671, 0.017380880191922188, 0.009005009196698666, 0.02189810201525688, 0.11117500066757202]","[0.022924676537513733, 0.016630467027425766, 0.015448873862624168, 0.013431284576654434, 0.014782287180423737, 0.011913537979125977, 0.012943314388394356, 0.009843421168625355, 0.009120965376496315, 0.008151793852448463, 0.0072722891345620155, 0.006557019427418709, 0.008594331331551075, 0.008325153030455112, 0.009189127013087273, 0.007767678238451481, 0.005969678983092308, 0.005276142619550228, 0.005923282355070114, 0.003814363619312644, 0.011210139840841293, 0.012864449061453342, 0.016195999458432198, 0.016795257106423378, 0.010121900588274002, 0.013857601210474968]",14000,13566,15,50450224,16,19,"{""0.95"": 7451, ""0.9"": 5095, ""0.8"": 2545, ""0.7"": 1297}"
p0061,arithmetic,bare_long,16,ok,,cuda,29.79,4,0.51171875,0.29,7.8,0.7376138982416108,0.9345102310180664,0.26238587498664856,3.4040665403668737,"[0.25718027353286743, 0.20359086990356445, 0.5392289757728577]",1.0,0.4103885811137868,0.439702051193343,0.019551649689674377,"[0.4951392710208893, 0.26641103625297546, 0.23844972252845764]",0,0.05211619287729263,0.0,0.08507578074932098,0.32423916459083557,"[0.0, 0.011769621632993221, 0.004796997178345919, 0.007691248320043087, 0.025196105241775513, 0.018026484176516533, 0.01100466400384903, 0.014644276350736618, 0.013404305092990398, 0.008585049770772457, 0.005781065672636032, 0.012641643173992634, 0.015922948718070984, 0.008294017985463142, 0.019551649689674377, 0.08507578074932098]","[0.023329876363277435, 0.016036825254559517, 0.015564142726361752, 0.0133852893486619, 0.015465309843420982, 0.012892927043139935, 0.013889236375689507, 0.010163038969039917, 0.009190890938043594, 0.007619084790349007, 0.0079017523676157, 0.008205791935324669, 0.008687958121299744, 0.006582319736480713, 0.009806923568248749, 0.007099910639226437, 0.005918573122471571, 0.008080177940428257, 0.006559392903000116, 0.0038902400992810726, 0.014834793284535408, 0.009834181517362595, 0.0066290064714848995, 0.0035738691221922636, 0.009751909412443638, 0.007492436096072197]",13998,13563,15,50577650,16,19,"{""0.95"": 7587, ""0.9"": 5238, ""0.8"": 2664, ""0.7"": 1384}"
p0063,arithmetic,bare_long,16,ok,,cuda,29.62,9,0.8828125,0.29,7.8,0.7157860241407372,0.9290876388549805,0.28421372175216675,3.4645772058831086,"[0.224851593375206, 0.187305748462677, 0.5878426432609558]",1.0,0.45832422559178143,0.4910616702769087,0.018287293612957,"[0.45196273922920227, 0.24672947824001312, 0.30130770802497864]",0,0.07400927692651749,0.0,0.11211441457271576,0.39447221159935,"[0.0, 0.011036427691578865, 0.00453605642542243, 0.0072114551439881325, 0.024511132389307022, 0.01661083847284317, 0.010659879073500633, 0.013361441902816296, 0.012798494659364223, 0.007725045550614595, 0.008690002374351025, 0.013005047105252743, 0.016271034255623817, 0.007395158987492323, 0.018287293612957, 0.11211441457271576]","[0.022822868078947067, 0.015918539837002754, 0.01595258340239525, 0.014143605716526508, 0.014994349330663681, 0.012237649410963058, 0.013146888464689255, 0.009934145957231522, 0.00930340401828289, 0.007647674530744553, 0.006901731714606285, 0.007801916915923357, 0.008456651121377945, 0.007606890518218279, 0.008829951286315918, 0.008024425245821476, 0.006516333669424057, 0.008338340558111668, 0.006373981945216656, 0.005252532195299864, 0.009356176480650902, 0.010816698893904686, 0.010876746848225594, 0.01486381608992815, 0.01060388796031475, 0.017491953447461128]",13987,13552,15,50199729,16,19,"{""0.95"": 7465, ""0.9"": 5086, ""0.8"": 2536, ""0.7"": 1294}"
p0064,arithmetic,bare_long,16,ok,,cuda,29.57,8,0.83984375,0.29,7.78,0.7354568542698934,0.93548983335495,0.2645428776741028,3.5030925252194245,"[0.24860239028930664, 0.2162753790616989, 0.5351221561431885]",1.0,0.39603435675039833,0.4243225250897125,0.01885613240301609,"[0.5046166777610779, 0.24691571295261383, 0.24846762418746948]",0,0.053479015827178955,0.0,0.08455905318260193,0.31964215636253357,"[0.0, 0.011426368728280067, 0.004633369389921427, 0.007574334274977446, 0.023696022108197212, 0.018435899168252945, 0.010633653961122036, 0.015030626207590103, 0.01462351344525814, 0.008359624072909355, 0.00856669433414936, 0.014836270362138748, 0.01562720350921154, 0.007684109266847372, 0.01885613240301609, 0.08455905318260193]","[0.023593347519636154, 0.0173177607357502, 0.017138183116912842, 0.01399284042418003, 0.01506008766591549, 0.012542728334665298, 0.013256201520562172, 0.01022457703948021, 0.010367026552557945, 0.007579469121992588, 0.006699078716337681, 0.007497771177440882, 0.008068160153925419, 0.008800417184829712, 0.009152248501777649, 0.005800973158329725, 0.005073281936347485, 0.006648389622569084, 0.004949701949954033, 0.007301622536033392, 0.011344023048877716, 0.012623628601431847, 0.008689300157129765, 0.0048199123702943325, 0.004342435393482447, 0.011659715324640274]",13937,13502,15,50268918,16,19,"{""0.95"": 7544, ""0.9"": 5195, ""0.8"": 2623, ""0.7"": 1353}"
p0065,arithmetic,bare_long,16,ok,,cuda,29.26,1,0.85546875,0.29,7.76,0.7281400676942437,0.9313132762908936,0.27185970544815063,3.376829107174082,"[0.23565515875816345, 0.20561398565769196, 0.5587308406829834]",1.0,0.41111348987371105,0.4404787391504047,0.01819533482193947,"[0.478476345539093, 0.26997584104537964, 0.25154781341552734]",0,0.052809666842222214,0.0,0.09402184188365936,0.34584692120552063,"[0.0, 0.011330127716064453, 0.004521876107901335, 0.007310399319976568, 0.023573070764541626, 0.017329668626189232, 0.01101277768611908, 0.014003295451402664, 0.013011476024985313, 0.008723476901650429, 0.009147132746875286, 0.013739149086177349, 0.017185263335704803, 0.008754814974963665, 0.01819533482193947, 0.09402184188365936]","[0.022412963211536407, 0.017282329499721527, 0.016052886843681335, 0.014574436470866203, 0.015557747334241867, 0.012611950747668743, 0.013757233507931232, 0.009032952599227428, 0.00879593938589096, 0.007650985382497311, 0.009707817807793617, 0.008045312017202377, 0.007827149704098701, 0.008273905143141747, 0.010655976831912994, 0.008026017807424068, 0.0046851434744894505, 0.008523243479430676, 0.006546291522681713, 0.009029751643538475, 0.014156535267829895, 0.007189474534243345, 0.0049054259434342384, 0.0112115778028965, 0.003894423833116889, 0.011452232487499714]",13874,13440,15,49527964,16,19,"{""0.95"": 7542, ""0.9"": 5222, ""0.8"": 2665, ""0.7"": 1393}"
p0066,arithmetic,bare_long,16,ok,,cuda,29.85,4,0.8984375,0.3,7.81,0.7133818219466671,0.9285683631896973,0.2866179645061493,3.4814689940018453,"[0.22858542203903198, 0.17664317786693573, 0.5947713851928711]",1.0,0.47166936395614134,0.5053600328101514,0.022021176293492317,"[0.4466177821159363, 0.24742110073566437, 0.30596113204956055]",0,0.07771822065114975,0.0,0.11123989522457123,0.38811206817626953,"[0.0, 0.011598249897360802, 0.004563411697745323, 0.007482372689992189, 0.024328486993908882, 0.017544176429510117, 0.010560080409049988, 0.014224570244550705, 0.01339301373809576, 0.007868488319218159, 0.004582960158586502, 0.010830235667526722, 0.017729507759213448, 0.008651348762214184, 0.022021176293492317, 0.11123989522457123]","[0.023044701665639877, 0.016123343259096146, 0.01535091083496809, 0.012851675041019917, 0.015031978487968445, 0.012048370204865932, 0.013986386358737946, 0.01059701293706894, 0.008974294178187847, 0.007608041167259216, 0.007804432418197393, 0.007417365908622742, 0.008862408809363842, 0.0070898523554205894, 0.009116089902818203, 0.009786463342607021, 0.006163433194160461, 0.007067237980663776, 0.004810751415789127, 0.00516498601064086, 0.014928785152733326, 0.010513827204704285, 0.014142139814794064, 0.015842903405427933, 0.006828104145824909, 0.015462462790310383]",14003,13569,15,50435416,16,19,"{""0.95"": 7488, ""0.9"": 5121, ""0.8"": 2559, ""0.7"": 1315}"
p0067,arithmetic,bare_long,16,ok,,cuda,29.35,9,0.87109375,0.28,7.75,0.7211506971349546,0.9302943348884583,0.2788490951061249,3.4427040092220835,"[0.23119591176509857, 0.19933316111564636, 0.5694708228111267]",1.0,0.43414526091166233,0.4651556366910668,0.01558704487979412,"[0.45471158623695374, 0.252544641494751, 0.29274383187294006]",0,0.07082429528236389,0.0,0.10477644205093384,0.37574607133865356,"[0.0, 0.01121642254292965, 0.004702196456491947, 0.007259041536599398, 0.024205895140767097, 0.01708521880209446, 0.01051909476518631, 0.014169369824230671, 0.012888859026134014, 0.007534958887845278, 0.010471588931977749, 0.014315531589090824, 0.016072865575551987, 0.00804455578327179, 0.01558704487979412, 0.10477644205093384]","[0.022761816158890724, 0.01589631661772728, 0.016066132113337517, 0.013496792875230312, 0.014985053800046444, 0.012359189800918102, 0.012818645685911179, 0.009590702131390572, 0.008821248076856136, 0.008158810436725616, 0.007339782081544399, 0.008281011134386063, 0.007395765278488398, 0.008913365192711353, 0.007695671170949936, 0.00796579197049141, 0.005916380323469639, 0.008755262941122055, 0.005392051301896572, 0.005414997227489948, 0.005953353829681873, 0.007746326271444559, 0.012014479376375675, 0.010276423767209053, 0.014123001135885715, 0.020710717886686325]",13839,13404,15,49094937,16,19,"{""0.95"": 7429, ""0.9"": 5080, ""0.8"": 2541, ""0.7"": 1297}"
p0068,syntactic_agreement,np_short,6,ok,,cuda,5.7, are,0.271484375,0.03,5.67,0.7230454302741716,0.9265074133872986,0.2769545614719391,3.1965938155738103,"[0.29133614897727966, 0.2457239329814911, 0.46293988823890686]",1.0,0.37288275085979383,0.4661034385747423,0.03038526326417923,"[0.39898911118507385, 0.3334901034832001, 0.2675207555294037]",17,0.05039660632610321,0.0,0.1282133162021637,0.46293988823890686,"[0.0, 0.016183102503418922, 0.06450377404689789, 0.037669096142053604, 0.03038526326417923, 0.1282133162021637]","[0.016271203756332397, 0.0129353953525424, 0.01482801791280508, 0.013432325795292854, 0.013762247748672962, 0.0102470638230443, 0.011369981802999973, 0.009000454097986221, 0.008655158802866936, 0.006138558499515057, 0.006027817260473967, 0.008007382974028587, 0.008248882368206978, 0.008220171555876732, 0.012130171060562134, 0.013085223734378815, 0.012253204360604286, 0.018250197172164917, 0.014050999656319618, 0.009643484838306904, 0.0165624488145113, 0.011281411163508892, 0.007747390773147345, 0.005623703356832266, 0.005326463840901852, 0.003855191869661212]",4542,4370,5,5482943,6,20,"{""0.95"": 2659, ""0.9"": 1908, ""0.8"": 1048, ""0.7"": 604}"
p0070,syntactic_agreement,np_long,15,ok,,cuda,30.17, were,0.3671875,0.31,8.28,0.7685501817400509,0.9391936659812927,0.23144946992397308,3.1632601024587133,"[0.21340125799179077, 0.2613021433353424, 0.5252966284751892]",1.0,0.4045235309857742,0.4356407256769876,0.00792001374065876,"[0.5010770559310913, 0.28649526834487915, 0.21242769062519073]",0,0.03763548657298088,0.0,0.06427843868732452,0.27772125601768494,"[0.0, 0.008508874103426933, 0.013819961808621883, 0.005666543263942003, 0.008624627254903316, 0.012771599926054478, 0.008585724979639053, 0.005270450841635466, 0.01686740480363369, 0.020362475886940956, 0.00939218234270811, 0.03542803227901459, 0.013953134417533875, 0.00792001374065876, 0.06427843868732452]","[0.019883496686816216, 0.013024875894188881, 0.014893637038767338, 0.01360863447189331, 0.012587396427989006, 0.011999927461147308, 0.012102312408387661, 0.010345670394599438, 0.007528074085712433, 0.007784822955727577, 0.00659352820366621, 0.007601384073495865, 0.008232350461184978, 0.005560767836868763, 0.007526692934334278, 0.00868045724928379, 0.008233843371272087, 0.006095324642956257, 0.0066183190792799, 0.004912467207759619, 0.007699706591665745, 0.006757447030395269, 0.0040969327092170715, 0.008833002299070358, 0.0069562895223498344, 0.0032921098172664642]",14656,14241,14,52640297,15,18,"{""0.95"": 7733, ""0.9"": 5423, ""0.8"": 2866, ""0.7"": 1573}"
p0071,syntactic_agreement,np_short,6,ok,,cuda,5.59, of,0.275390625,0.03,5.67,0.7479112521436437,0.9323210716247559,0.2520887553691864,3.0886980804573305,"[0.20830541849136353, 0.15371322631835938, 0.6379812955856323]",1.0,0.504488875817035,0.6306110947712938,0.013111045584082603,"[0.3925934433937073, 0.2856813669204712, 0.3217252492904663]",22,0.06534937024116516,0.0,0.16082793474197388,0.6379812955856323,"[0.0, 0.015002640895545483, 0.03750881925225258, 0.025638334453105927, 0.013111045584082603, 0.16082793474197388]","[0.015468718484044075, 0.011617310345172882, 0.012174690142273903, 0.010790439322590828, 0.013961187563836575, 0.009288390167057514, 0.010041113011538982, 0.008819971233606339, 0.006806572899222374, 0.00727870175614953, 0.005808749236166477, 0.006282930262386799, 0.00625061709433794, 0.008355068042874336, 0.008352257311344147, 0.011025704443454742, 0.011180377565324306, 0.007482654415071011, 0.005751023534685373, 0.010002918541431427, 0.011823166161775589, 0.010418573394417763, 0.016227250918745995, 0.005872813519090414, 0.012524161487817764, 0.008483409881591797]",4514,4342,5,5338315,6,20,"{""0.95"": 2623, ""0.9"": 1906, ""0.8"": 1090, ""0.7"": 637}"
p0072,syntactic_agreement,np_med,10,ok,,cuda,13.07, of,0.271484375,0.12,6.25,0.7587718049292782,0.9356793165206909,0.2412281483411789,3.098589608592236,"[0.2771371006965637, 0.19973689317703247, 0.5231260061264038]",1.0,0.39477321747639016,0.4441198696609389,0.012042385526001453,"[0.48486411571502686, 0.29037758708000183, 0.22475825250148773]",0,0.039338916540145874,0.0,0.09617538750171661,0.3986905515193939,"[0.0, 0.016100458800792694, 0.016253698617219925, 0.03449910879135132, 0.016009431332349777, 0.009622658602893353, 0.02255007065832615, 0.01797494664788246, 0.012042385526001453, 0.09617538750171661]","[0.018542969599366188, 0.013010472990572453, 0.014896426349878311, 0.0143749313428998, 0.014171535149216652, 0.011191646568477154, 0.01036996953189373, 0.01178615354001522, 0.008618775755167007, 0.007151699624955654, 0.005729775410145521, 0.008484216406941414, 0.007932978682219982, 0.009536652825772762, 0.009027643129229546, 0.008492281660437584, 0.006414992269128561, 0.0072770132683217525, 0.007526579312980175, 0.0073525249026715755, 0.011816097423434258, 0.004027979914098978, 0.01205155998468399, 0.0021576546132564545, 0.0042350715957582, 0.0050505539402365685]",8757,8477,9,19530488,10,19,"{""0.95"": 5159, ""0.9"": 3741, ""0.8"": 2069, ""0.7"": 1167}"
p0073,syntactic_agreement,np_long,15,ok,,cuda,29.14, was,0.1611328125,0.3,8.11,0.7817138215468187,0.9414818286895752,0.2182859182357788,3.048724311354742,"[0.23190157115459442, 0.2939789295196533, 0.47411951422691345]",1.0,0.394442031041657,0.42478372573716905,0.007926229387521744,"[0.5083900094032288, 0.2963466942310333, 0.19526329636573792]",0,0.030875079333782196,0.0,0.06992567330598831,0.3203398287296295,"[0.0, 0.009029675275087357, 0.013975315727293491, 0.005766032729297876, 0.008599145337939262, 0.013250677846372128, 0.00843420997262001, 0.005484838038682938, 0.01683979667723179, 0.023696959018707275, 0.009715658612549305, 0.015632066875696182, 0.010009643621742725, 0.007926229387521744, 0.06992567330598831]","[0.019248371943831444, 0.012554449029266834, 0.013012236915528774, 0.012545865960419178, 0.012675728648900986, 0.010602761059999466, 0.011651315726339817, 0.010391092859208584, 0.008292562328279018, 0.007008431013673544, 0.007155126426368952, 0.0075360918417572975, 0.008269679732620716, 0.0074041783809661865, 0.008412733674049377, 0.005884226411581039, 0.007137228734791279, 0.005880614276975393, 0.004946385510265827, 0.0068017649464309216, 0.007567289285361767, 0.006069648545235395, 0.004182422999292612, 0.00500748073682189, 0.0033981690648943186, 0.004650069400668144]",14276,13861,14,49409150,15,18,"{""0.95"": 7680, ""0.9"": 5454, ""0.8"": 2938, ""0.7"": 1616}"
p0074,syntactic_agreement,np_short,6,ok,,cuda,5.94, are,0.142578125,0.03,5.67,0.7246569611029912,0.9272745251655579,0.27534303069114685,3.215473641235445,"[0.23717929422855377, 0.17835932970046997, 0.5844613313674927]",1.0,0.46778557090639716,0.5847319636329964,0.018114499747753143,"[0.3600368797779083, 0.31305357813835144, 0.3269096314907074]",20,0.0658421590924263,0.0,0.16092737019062042,0.5844613313674927,"[0.0, 0.015680717304348946, 0.04962495341897011, 0.030995504930615425, 0.018114499747753143, 0.16092737019062042]","[0.014930909499526024, 0.01374399196356535, 0.012973139062523842, 0.0107993483543396, 0.011929004453122616, 0.0085366265848279, 0.011008398607373238, 0.007601349148899317, 0.007610865868628025, 0.007561408914625645, 0.006458676885813475, 0.007780221290886402, 0.011377755552530289, 0.00862543098628521, 0.008899783715605736, 0.01244526170194149, 0.009971633553504944, 0.013076936826109886, 0.010708210989832878, 0.013461918570101261, 0.01790226250886917, 0.008528758771717548, 0.0067408280447125435, 0.013353750109672546, 0.013118083588778973, 0.0061984737403690815]",4509,4337,5,5556392,6,20,"{""0.95"": 2685, ""0.9"": 1973, ""0.8"": 1130, ""0.7"": 662}"
p0075,syntactic_agreement,np_med,10,ok,,cuda,13.2, had,0.29296875,0.11,6.23,0.7451500366762314,0.9333822727203369,0.25484994053840637,3.2228498082696784,"[0.31734219193458557, 0.20771671831607819, 0.4749410152435303]",1.0,0.3960486166337283,0.44555469371294437,0.010299024172127247,"[0.4524330794811249, 0.29508569836616516, 0.2524811327457428]",0,0.051851823925971985,0.0,0.0914500430226326,0.3588387966156006,"[0.0, 0.019013812765479088, 0.019858060404658318, 0.04200276732444763, 0.01828160509467125, 0.006717348005622625, 0.027937641367316246, 0.01928962767124176, 0.010299024172127247, 0.0914500430226326]","[0.019444366917014122, 0.01401706412434578, 0.01594296284019947, 0.0142438355833292, 0.011545118875801563, 0.011019996367394924, 0.012176509015262127, 0.009467783384025097, 0.00744490884244442, 0.0079700518399477, 0.005550520494580269, 0.008678161539137363, 0.01084856130182743, 0.009277604520320892, 0.009719284251332283, 0.007376398425549269, 0.008686089888215065, 0.007095899432897568, 0.007272293325513601, 0.005220684222877026, 0.015741925686597824, 0.00640367204323411, 0.008619094267487526, 0.004665888845920563, 0.007223019376397133, 0.009198224171996117]",8661,8381,9,19891411,10,19,"{""0.95"": 4996, ""0.9"": 3599, ""0.8"": 1988, ""0.7"": 1111}"
p0076,syntactic_agreement,np_long,15,ok,,cuda,28.83, were,0.41796875,0.29,7.82,0.7784216946061985,0.9421429634094238,0.22157788276672363,3.1625014940477234,"[0.2503814697265625, 0.2931329309940338, 0.45648548007011414]",1.0,0.3742431187515355,0.40303105096319203,0.006926806177943945,"[0.5007386207580566, 0.29832103848457336, 0.2009403258562088]",0,0.030455078929662704,0.0,0.06086558848619461,0.2746916711330414,"[0.0, 0.00973177794367075, 0.015022850595414639, 0.0062691690400242805, 0.010061905719339848, 0.014393297024071217, 0.009537335485219955, 0.0055316840298473835, 0.018098844215273857, 0.024143993854522705, 0.00763992452993989, 0.02117449790239334, 0.012180197983980179, 0.006926806177943945, 0.06086558848619461]","[0.019758667796850204, 0.012198414653539658, 0.01397758536040783, 0.012778880074620247, 0.011294652707874775, 0.010359465144574642, 0.01246093399822712, 0.010645478032529354, 0.007478528656065464, 0.0075395917519927025, 0.007173643447458744, 0.006983624771237373, 0.009663968347012997, 0.00788882002234459, 0.00723334401845932, 0.006658047437667847, 0.00695047527551651, 0.0060098255053162575, 0.005695786327123642, 0.008373066782951355, 0.0072306618094444275, 0.006703839637339115, 0.004316878970712423, 0.00419337023049593, 0.0032993899658322334, 0.004710938781499863]",14049,13634,14,49072745,15,18,"{""0.95"": 7350, ""0.9"": 5143, ""0.8"": 2701, ""0.7"": 1468}"
p0077,syntactic_agreement,np_short,6,ok,,cuda,5.62, ,0.19921875,0.03,5.67,0.7492842227647172,0.9353638887405396,0.25071579217910767,3.239561450996204,"[0.17813639342784882, 0.24727727472782135, 0.5745862722396851]",1.0,0.4548939508233129,0.5686174385291412,0.019396895542740822,"[0.4080139696598053, 0.3598698079586029, 0.2321162223815918]",16,0.040707964450120926,0.0,0.14405785501003265,0.5745862722396851,"[0.0, 0.013097752816975117, 0.031563855707645416, 0.042599424719810486, 0.019396895542740822, 0.14405785501003265]","[0.016984909772872925, 0.013229424133896828, 0.01488231960684061, 0.009436158463358879, 0.013268936425447464, 0.009766669943928719, 0.010448960587382317, 0.0068869926035404205, 0.007391178980469704, 0.00581097137182951, 0.0063970983028411865, 0.008089191280305386, 0.008751312270760536, 0.009512205608189106, 0.012690158560872078, 0.01219176221638918, 0.01787691004574299, 0.008905427530407906, 0.007487297989428043, 0.009999941103160381, 0.007271063048392534, 0.008344035595655441, 0.00699272844940424, 0.0074144224636256695, 0.008069802075624466, 0.002615912351757288]",4477,4305,5,5377985,6,20,"{""0.95"": 2572, ""0.9"": 1852, ""0.8"": 1030, ""0.7"": 594}"
p0078,syntactic_agreement,np_med,10,ok,,cuda,12.83, ,0.212890625,0.11,6.3,0.761716164299364,0.9368618726730347,0.23828384280204773,3.1123782290912536,"[0.242581307888031, 0.2063133865594864, 0.5511053204536438]",1.0,0.40575547776046283,0.4564749124805207,0.0100767333060503,"[0.47322914004325867, 0.32520100474357605, 0.20156989991664886]",0,0.03577229753136635,0.0,0.0987437292933464,0.41439539194107056,"[0.0, 0.014875046908855438, 0.015698987990617752, 0.027229171246290207, 0.01718473620712757, 0.008725435473024845, 0.023250974714756012, 0.022499026730656624, 0.0100767333060503, 0.0987437292933464]","[0.019696809351444244, 0.01372375525534153, 0.01573369652032852, 0.013027140870690346, 0.012547500431537628, 0.011522292159497738, 0.00967793446034193, 0.009301602840423584, 0.007532118353992701, 0.006248310208320618, 0.006668327376246452, 0.009760118089616299, 0.007259137462824583, 0.006284784059971571, 0.009727885946631432, 0.008048845455050468, 0.012350577861070633, 0.011142157018184662, 0.006074952892959118, 0.006183593068271875, 0.005033852998167276, 0.00785827450454235, 0.005926815327256918, 0.007160397246479988, 0.0044723800383508205, 0.005320576950907707]",8616,8336,9,18923072,10,19,"{""0.95"": 4982, ""0.9"": 3572, ""0.8"": 1933, ""0.7"": 1061}"
p0079,syntactic_agreement,np_long,15,ok,,cuda,28.79, ,0.16015625,0.3,7.87,0.7796531279100145,0.9403268098831177,0.2203465700149536,3.0041248659997932,"[0.20403757691383362, 0.23211197555065155, 0.563850462436676]",1.0,0.4328339367507765,0.4661288549623747,0.00788435060530901,"[0.48343607783317566, 0.3257793188095093, 0.1907845139503479]",0,0.029795490205287933,0.0,0.08061212301254272,0.36584243178367615,"[0.0, 0.009248698130249977, 0.012775247916579247, 0.005365896970033646, 0.006414213217794895, 0.011154921725392342, 0.007193136960268021, 0.00523459492251277, 0.013750995509326458, 0.016942275688052177, 0.008024073205888271, 0.01831110753118992, 0.01743493787944317, 0.00788435060530901, 0.08061212301254272]","[0.01942908763885498, 0.013244104571640491, 0.013630530796945095, 0.010548069141805172, 0.01201649196445942, 0.010753988288342953, 0.010902971029281616, 0.008748510852456093, 0.007249743212014437, 0.00646414328366518, 0.006936408579349518, 0.008793873712420464, 0.008691423572599888, 0.005301070399582386, 0.007225994952023029, 0.006399270612746477, 0.0124004315584898, 0.009571746923029423, 0.005299786105751991, 0.006943439599126577, 0.005666250828653574, 0.005267410073429346, 0.003907776437699795, 0.005376380868256092, 0.004946783185005188, 0.004630889743566513]",14187,13772,14,48580074,15,18,"{""0.95"": 7443, ""0.9"": 5183, ""0.8"": 2712, ""0.7"": 1453}"
p0080,syntactic_agreement,np_short,6,ok,,cuda,5.87, are,0.326171875,0.03,5.67,0.734998746812269,0.9316615462303162,0.26500123739242554,3.2811183875189838,"[0.301085501909256, 0.2067038118839264, 0.49221065640449524]",1.0,0.4204174723871816,0.525521840483977,0.018945597112178802,"[0.3835233747959137, 0.34479767084121704, 0.2716788351535797]",0,0.048280347138643265,0.0,0.13043645024299622,0.49221065640449524,"[0.0, 0.014395813457667828, 0.06539222598075867, 0.03583117574453354, 0.018945597112178802, 0.13043645024299622]","[0.017521832138299942, 0.01224968396127224, 0.013556333258748055, 0.009950930252671242, 0.012987922877073288, 0.009252646937966347, 0.010040422901511192, 0.008255578577518463, 0.007818830199539661, 0.007616505026817322, 0.008895505219697952, 0.00847417302429676, 0.01004735566675663, 0.009005118161439896, 0.010681847110390663, 0.012046403251588345, 0.010184953920543194, 0.014419963583350182, 0.013186432421207428, 0.010528460144996643, 0.006702071987092495, 0.00773195642977953, 0.010882905684411526, 0.008723046630620956, 0.008804903365671635, 0.005435462575405836]",4554,4382,5,5665010,6,20,"{""0.95"": 2723, ""0.9"": 1988, ""0.8"": 1134, ""0.7"": 667}"
p0081,syntactic_agreement,np_med,10,ok,,cuda,13.12, were,0.279296875,0.11,6.31,0.738967255415484,0.930938184261322,0.26103276014328003,3.1847618472464005,"[0.3069787621498108, 0.21860143542289734, 0.4744197726249695]",1.0,0.3799383396812683,0.4274306321414268,0.010427719913423061,"[0.45686075091362, 0.30954641103744507, 0.23359279334545135]",0,0.04814975708723068,0.0,0.09101536124944687,0.34867408871650696,"[0.0, 0.018853824585676193, 0.020126624032855034, 0.04115107282996178, 0.019240520894527435, 0.008504832163453102, 0.029316779226064682, 0.022396022453904152, 0.010427719913423061, 0.09101536124944687]","[0.01954667642712593, 0.01368612889200449, 0.016002021729946136, 0.014677939005196095, 0.013085730373859406, 0.01196006778627634, 0.011210976168513298, 0.010565496981143951, 0.008520587347447872, 0.007600387558341026, 0.007103820331394672, 0.00910094566643238, 0.00897497870028019, 0.011016634292900562, 0.009840517304837704, 0.00966147892177105, 0.008993806317448616, 0.008509185165166855, 0.00832122191786766, 0.004504392389208078, 0.012687575072050095, 0.003567628562450409, 0.005147759802639484, 0.006636249832808971, 0.008985309861600399, 0.011125234887003899]",8664,8384,9,19830089,10,19,"{""0.95"": 5094, ""0.9"": 3675, ""0.8"": 2021, ""0.7"": 1115}"
p0083,syntactic_agreement,np_short,6,ok,,cuda,5.22, is,0.087890625,0.03,5.67,0.7407697439193726,0.9301896691322327,0.25923025608062744,3.1006042090980306,"[0.20884643495082855, 0.2682152986526489, 0.5229381918907166]",1.0,0.3738863011935576,0.467357876491947,0.033772923052310944,"[0.4462490975856781, 0.3160257637500763, 0.237725168466568]",0,0.043732814490795135,0.0,0.13556140661239624,0.5229381918907166,"[0.0, 0.016394205391407013, 0.03774511069059372, 0.03575659543275833, 0.033772923052310944, 0.13556140661239624]","[0.01687990501523018, 0.013262027874588966, 0.015056781470775604, 0.012938287109136581, 0.01333027146756649, 0.014189863577485085, 0.011454347521066666, 0.008816944435238838, 0.009752824902534485, 0.008050039410591125, 0.0063913362100720406, 0.007530510425567627, 0.007224599830806255, 0.007374292239546776, 0.010271853767335415, 0.008938591927289963, 0.015572425909340382, 0.01056978851556778, 0.007304796949028969, 0.010587937198579311, 0.010648349300026894, 0.007590588182210922, 0.0069064185954630375, 0.010487737134099007, 0.003549997229129076, 0.004549723118543625]",4150,3978,5,4498421,6,20,"{""0.95"": 2546, ""0.9"": 1862, ""0.8"": 1066, ""0.7"": 630}"
p0084,syntactic_agreement,np_med,10,ok,,cuda,12.94, had,0.30859375,0.11,6.22,0.735154612967647,0.9300390481948853,0.2648453712463379,3.2097451704160878,"[0.2890270948410034, 0.18568141758441925, 0.5252915024757385]",1.0,0.38240982122119976,0.43021104887384976,0.01401442475616932,"[0.4779999554157257, 0.32597100734710693, 0.19602908194065094]",0,0.04019402340054512,0.0,0.1015864759683609,0.38356900215148926,"[0.0, 0.018229784443974495, 0.020182350650429726, 0.0381353497505188, 0.02031613513827324, 0.008442021906375885, 0.02041870914399624, 0.02352011948823929, 0.01401442475616932, 0.1015864759683609]","[0.01897328533232212, 0.01304312702268362, 0.016001665964722633, 0.015425020828843117, 0.012501679360866547, 0.014376044273376465, 0.013669341802597046, 0.010613556951284409, 0.01199235487729311, 0.006918732542544603, 0.007307033054530621, 0.009663775563240051, 0.011229057796299458, 0.009438013657927513, 0.011321124620735645, 0.010760558769106865, 0.009523814544081688, 0.01016978919506073, 0.005918561946600676, 0.005804800894111395, 0.010658586397767067, 0.004871290177106857, 0.005073550157248974, 0.007330115884542465, 0.0012677331687882543, 0.010992748662829399]",8617,8337,9,19399957,10,19,"{""0.95"": 5059, ""0.9"": 3655, ""0.8"": 2027, ""0.7"": 1128}"
p0085,syntactic_agreement,np_long,15,ok,,cuda,29.06, in,0.2080078125,0.3,7.89,0.7716381263324638,0.9387189745903015,0.22836154699325562,3.072604630664808,"[0.21470923721790314, 0.2677493691444397, 0.5175414085388184]",1.0,0.3934877944076234,0.42375608628513284,0.012281141243875027,"[0.5081552267074585, 0.2947218418121338, 0.19712288677692413]",0,0.03669115900993347,0.0,0.0726500153541565,0.31813594698905945,"[0.0, 0.009008735418319702, 0.014013259671628475, 0.00563480518758297, 0.00793039333075285, 0.012444140389561653, 0.00820609275251627, 0.0054317740723490715, 0.016774343326687813, 0.022302033379673958, 0.00842941366136074, 0.015026053413748741, 0.018229344859719276, 0.012281141243875027, 0.0726500153541565]","[0.01990508660674095, 0.013378283940255642, 0.01315930113196373, 0.012904555536806583, 0.011787655763328075, 0.012721452862024307, 0.013076757080852985, 0.009806054644286633, 0.009303970262408257, 0.00665862625464797, 0.007075944449752569, 0.007759216241538525, 0.009504910558462143, 0.00754373287782073, 0.007964389398694038, 0.006785278674215078, 0.00901106558740139, 0.004999974742531776, 0.004138429649174213, 0.004185703117400408, 0.005885899532586336, 0.007450621575117111, 0.008549125865101814, 0.006270944140851498, 0.003057298716157675, 0.005477269180119038]",14222,13807,14,49562145,15,18,"{""0.95"": 7628, ""0.9"": 5410, ""0.8"": 2922, ""0.7"": 1596}"
p0086,syntactic_agreement,fill_short,6,ok,,cuda,5.63, window,0.134765625,0.03,5.67,0.6925250704601449,0.9223584532737732,0.30747491121292114,3.494935698993072,"[0.19286063313484192, 0.3799436390399933, 0.4271956980228424]",1.0,0.3315368374239909,0.41442104677998864,0.06170625239610672,"[0.36747387051582336, 0.30995842814445496, 0.3225677013397217]",18,0.07117578387260437,0.0,0.13135196268558502,0.4271956980228424,"[0.0, 0.01026222575455904, 0.04903757944703102, 0.055116888135671616, 0.06170625239610672, 0.13135196268558502]","[0.01569346711039543, 0.015321249142289162, 0.016802731901407242, 0.011719701811671257, 0.013042195700109005, 0.010800806805491447, 0.011343801394104958, 0.010090051218867302, 0.008174989372491837, 0.007912332192063332, 0.007986404933035374, 0.007800158113241196, 0.009972414001822472, 0.010410547256469727, 0.010564634576439857, 0.013964695855975151, 0.012734118849039078, 0.013959130272269249, 0.017138132825493813, 0.010867553763091564, 0.00990166887640953, 0.008145216852426529, 0.015460389666259289, 0.015645503997802734, 0.014266422018408775, 0.007756582926958799]",4389,4217,5,5630105,6,20,"{""0.95"": 2673, ""0.9"": 1943, ""0.8"": 1097, ""0.7"": 655}"
p0087,syntactic_agreement,fill_short,7,ok,,cuda,7.24, bowl,0.0908203125,0.05,5.69,0.7189492154747715,0.928856611251831,0.28105080127716064,3.4305776910780503,"[0.16665275394916534, 0.2186967134475708, 0.6146504878997803]",1.0,0.3650451681063162,0.4380542017275794,0.061065685003995895,"[0.393583208322525, 0.3428819477558136, 0.26353493332862854]",15,0.054525867104530334,0.0,0.11168233305215836,0.3973741829395294,"[0.0, 0.01623571664094925, 0.030602170154452324, 0.01892886310815811, 0.04253602400422096, 0.061065685003995895, 0.11168233305215836]","[0.01610000617802143, 0.013737378641963005, 0.01518955361098051, 0.01241640280932188, 0.013351374305784702, 0.010519448667764664, 0.010701286606490612, 0.009621215052902699, 0.00898019690066576, 0.008988937363028526, 0.007241369225084782, 0.007828629575669765, 0.007455502636730671, 0.00934506393969059, 0.011864358559250832, 0.01890719309449196, 0.01221432164311409, 0.012521861121058464, 0.011318741366267204, 0.008222083561122417, 0.0075808134861290455, 0.011227577924728394, 0.007641852833330631, 0.010299167595803738, 0.008500447496771812, 0.009276011027395725]",5463,5264,6,8509292,7,19,"{""0.95"": 3272, ""0.9"": 2385, ""0.8"": 1340, ""0.7"": 770}"
p0088,syntactic_agreement,fill_short,7,ok,,cuda,7.06, table,0.369140625,0.04,5.69,0.7267538525686816,0.9341009855270386,0.2732461392879486,3.6118666537786743,"[0.15385910868644714, 0.22104394435882568, 0.6250969767570496]",1.0,0.3689106719161668,0.4426928062994001,0.06397256255149841,"[0.416189581155777, 0.32282283902168274, 0.26098760962486267]",0,0.049698617309331894,0.0,0.10683276504278183,0.39097630977630615,"[0.0, 0.01670878380537033, 0.0253326203674078, 0.018195969983935356, 0.04220343753695488, 0.06397256255149841, 0.10683276504278183]","[0.017087463289499283, 0.012316088192164898, 0.013903248123824596, 0.012165987864136696, 0.014693483710289001, 0.011428054422140121, 0.01154776755720377, 0.00966272410005331, 0.010917380452156067, 0.007901137694716454, 0.0077125742100179195, 0.009005646221339703, 0.010784418322145939, 0.007933267392218113, 0.012456551194190979, 0.00850098580121994, 0.011428200639784336, 0.012487303465604782, 0.0123205054551363, 0.00929473526775837, 0.010457531549036503, 0.013280380517244339, 0.00410465057939291, 0.005958746653050184, 0.006248798221349716, 0.00964850839227438]",5315,5116,6,7983822,7,20,"{""0.95"": 3169, ""0.9"": 2306, ""0.8"": 1281, ""0.7"": 716}"
p0089,syntactic_agreement,fill_short,6,ok,,cuda,5.97, door,0.068359375,0.04,5.67,0.7512061559562502,0.9367109537124634,0.248793825507164,3.337135286058433,"[0.17501918971538544, 0.40707066655158997, 0.4179101288318634]",1.0,0.3421290050653976,0.427661256331747,0.06502976268529892,"[0.4091416299343109, 0.32096850872039795, 0.26988986134529114]",0,0.04214908182621002,0.0,0.10397346317768097,0.4179101288318634,"[0.0, 0.01663403958082199, 0.02690965309739113, 0.036246903240680695, 0.06502976268529892, 0.10397346317768097]","[0.01914171874523163, 0.012931039556860924, 0.01246259268373251, 0.01053127646446228, 0.011692422442138195, 0.009372237138450146, 0.009944463148713112, 0.007757235784083605, 0.007958921603858471, 0.0069019002839922905, 0.005955478176474571, 0.007699449080973864, 0.008363229222595692, 0.008934727869927883, 0.01092611439526081, 0.011075187474489212, 0.008945838548243046, 0.011053059250116348, 0.014567920938134193, 0.010429920628666878, 0.011647820472717285, 0.012639930471777916, 0.004924048203974962, 0.005301340017467737, 0.0043066092766821384, 0.0033293343149125576]",4815,4643,5,6512238,6,19,"{""0.95"": 2900, ""0.9"": 2112, ""0.8"": 1193, ""0.7"": 699}"
p0091,syntactic_agreement,fill_short,7,ok,,cuda,7.74, car,0.1435546875,0.05,5.7,0.7212678838909761,0.9313384294509888,0.2787320911884308,3.5532766236253415,"[0.11727220565080643, 0.2444269210100174, 0.6383008360862732]",1.0,0.3985827235167443,0.47829926822009317,0.0680636614561081,"[0.37539100646972656, 0.3866884410381317, 0.2379205971956253]",16,0.04515866935253143,0.0,0.10985127091407776,0.3941105902194977,"[0.0, 0.01087526511400938, 0.021812260150909424, 0.01970040425658226, 0.048429224640131, 0.0680636614561081, 0.10985127091407776]","[0.015028652735054493, 0.01192487869411707, 0.012533454224467278, 0.01149964053183794, 0.013866940513253212, 0.010788735933601856, 0.0109131820499897, 0.008130527101457119, 0.009947502985596657, 0.011144736781716347, 0.00837879627943039, 0.011150837875902653, 0.010938078165054321, 0.011909916065633297, 0.010882701724767685, 0.013898576609790325, 0.0171358622610569, 0.01234296802431345, 0.013336824253201485, 0.007820610888302326, 0.01060245931148529, 0.0077660949900746346, 0.004508297890424728, 0.01186080276966095, 0.006778522860258818, 0.003642490366473794]",5815,5616,6,9605300,7,19,"{""0.95"": 3495, ""0.9"": 2557, ""0.8"": 1463, ""0.7"": 854}"
p0092,syntactic_agreement,fill_short,7,ok,,cuda,6.71, bed,0.142578125,0.04,5.69,0.7108049565073874,0.9244863986968994,0.28919506072998047,3.3118964278864174,"[0.11454972624778748, 0.20312847197055817, 0.6823218464851379]",1.0,0.444754135264987,0.5337049623179844,0.06914247572422028,"[0.3792446553707123, 0.28935548663139343, 0.3313997983932495]",0,0.06907990574836731,0.0,0.1281816065311432,0.443235844373703,"[0.0, 0.011520575731992722, 0.02160663716495037, 0.014036387205123901, 0.04470735788345337, 0.06914247572422028, 0.1281816065311432]","[0.016477465629577637, 0.013908781111240387, 0.0136063601821661, 0.011316818185150623, 0.013798155821859837, 0.01007536519318819, 0.011875384487211704, 0.009635541588068008, 0.008981813676655293, 0.008427330292761326, 0.006684713531285524, 0.008064024150371552, 0.007578919641673565, 0.007270583882927895, 0.011182466521859169, 0.010596469044685364, 0.011848853901028633, 0.012026811018586159, 0.010855749249458313, 0.015903528779745102, 0.013309814967215061, 0.015251421369612217, 0.011499918065965176, 0.008513741195201874, 0.012964366003870964, 0.007540644146502018]",5097,4898,6,7000061,7,19,"{""0.95"": 2981, ""0.9"": 2163, ""0.8"": 1197, ""0.7"": 669}"
p0093,syntactic_agreement,fill_short,8,ok,,cuda,8.25, left,0.07470703125,0.05,5.73,0.7090147809412684,0.9211370944976807,0.2909851670265198,3.121712414684658,"[0.17344871163368225, 0.2489091157913208, 0.5776422023773193]",1.0,0.4317780088951168,0.5037410103776363,0.05032458156347275,"[0.40599751472473145, 0.33969399333000183, 0.2543085515499115]",0,0.05489230155944824,0.0,0.11776073276996613,0.40469667315483093,"[0.0, 0.009481299668550491, 0.01288643479347229, 0.028103267773985863, 0.018168076872825623, 0.05426078289747238, 0.05032458156347275, 0.11776073276996613]","[0.01753653585910797, 0.012206923216581345, 0.014226304367184639, 0.015127651393413544, 0.01344030350446701, 0.011769935488700867, 0.013100720942020416, 0.010797938331961632, 0.009932935237884521, 0.00898190401494503, 0.008450906723737717, 0.00957471877336502, 0.010078012943267822, 0.010272372514009476, 0.011307441629469395, 0.013917731121182442, 0.011697466485202312, 0.0145653635263443, 0.010958913713693619, 0.008148793131113052, 0.013618716970086098, 0.010558859445154667, 0.0077753933146595955, 0.005325118079781532, 0.009241479448974133, 0.008372735232114792]",5966,5740,7,9286112,8,19,"{""0.95"": 3277, ""0.9"": 2357, ""0.8"": 1290, ""0.7"": 726}"
p0094,multi_hop,state_capital,11,ok,,cuda,15.1, Austin,0.443359375,0.14,6.5,0.7172059461956573,0.9248877763748169,0.2827940285205841,3.2060360708210522,"[0.24400988221168518, 0.13137510418891907, 0.6246150135993958]",1.0,0.4482836183615707,0.49809290929063416,0.03176390379667282,"[0.4548640251159668, 0.2929595112800598, 0.252176433801651]",0,0.05790366232395172,0.0,0.11943095177412033,0.42232486605644226,"[0.0, 0.01668490841984749, 0.023785455152392387, 0.009019984863698483, 0.019514191895723343, 0.017463600262999535, 0.004622287582606077, 0.015066206455230713, 0.025442542508244514, 0.03176390379667282, 0.11943095177412033]","[0.019289415329694748, 0.015130475163459778, 0.017996355891227722, 0.01579917222261429, 0.016367873176932335, 0.013571389019489288, 0.012366663664579391, 0.00901903584599495, 0.009092454798519611, 0.007143781054764986, 0.006867349147796631, 0.009994246065616608, 0.009079846553504467, 0.011955929920077324, 0.009189028292894363, 0.011419575661420822, 0.010242532007396221, 0.006954917684197426, 0.008722850121557713, 0.004687484819442034, 0.003373422659933567, 0.010776277631521225, 0.00820162147283554, 0.012417839840054512, 0.01918499357998371, 0.003949507139623165]",9396,9089,10,22392969,11,19,"{""0.95"": 5356, ""0.9"": 3838, ""0.8"": 2038, ""0.7"": 1067}"
p0096,multi_hop,state_capital,11,ok,,cuda,15.02, Olympia,0.59765625,0.14,6.4,0.697189849447599,0.9178602695465088,0.3028101325035095,3.1724153290129107,"[0.23230773210525513, 0.1169896274805069, 0.6507026553153992]",1.0,0.4823524030461232,0.5359471144956924,0.03589092940092087,"[0.422145813703537, 0.2576037049293518, 0.3202504515647888]",23,0.08066758513450623,0.0,0.13816788792610168,0.4562855362892151,"[0.0, 0.016807781532406807, 0.023726053535938263, 0.009195138700306416, 0.020616160705685616, 0.016808802261948586, 0.004410318564623594, 0.014206522144377232, 0.02298053354024887, 0.03589092940092087, 0.13816788792610168]","[0.020079152658581734, 0.01693604700267315, 0.016893617808818817, 0.015443822368979454, 0.014289441518485546, 0.012945492751896381, 0.01201347354799509, 0.012147494591772556, 0.007081490010023117, 0.006930335890501738, 0.008882822468876839, 0.006951034534722567, 0.0057571628130972385, 0.005906818900257349, 0.0149066848680377, 0.01683414913713932, 0.006563297472894192, 0.005272711627185345, 0.008251586928963661, 0.008055903017520905, 0.006577768363058567, 0.010655099526047707, 0.011533381417393684, 0.021501293405890465, 0.017580384388566017, 0.012819658033549786]",9391,9084,10,22556131,11,19,"{""0.95"": 5334, ""0.9"": 3822, ""0.8"": 2045, ""0.7"": 1087}"
p0097,multi_hop,state_capital_long,13,ok,,cuda,20.0, Olympia,0.55859375,0.18,6.85,0.7039601716662885,0.9192824959754944,0.2960395812988281,3.139868290571841,"[0.19805611670017242, 0.15475888550281525, 0.6471849679946899]",1.0,0.4720744148767516,0.5149902707746381,0.032907187938690186,"[0.4335617423057556, 0.27475506067276, 0.29168322682380676]",23,0.07192011177539825,0.0,0.12813201546669006,0.432820588350296,"[0.0, 0.010067412629723549, 0.014197653159499168, 0.019907649606466293, 0.014459730125963688, 0.012596634216606617, 0.01815752312541008, 0.011679255403578281, 0.003381341230124235, 0.013017958030104637, 0.017535189166665077, 0.032907187938690186, 0.12813201546669006]","[0.018687471747398376, 0.017289144918322563, 0.017283419147133827, 0.015574539080262184, 0.01386943832039833, 0.01260802336037159, 0.014069813303649426, 0.010038124397397041, 0.008931444026529789, 0.008333122357726097, 0.007361205294728279, 0.006734954193234444, 0.009570876136422157, 0.008222833275794983, 0.012091435492038727, 0.014010582119226456, 0.007354117929935455, 0.00765923922881484, 0.007280538324266672, 0.0071491156704723835, 0.00524540338665247, 0.010099934414029121, 0.008487438783049583, 0.020129231736063957, 0.015191664919257164, 0.012766439467668533]",11071,10710,12,30628070,13,18,"{""0.95"": 6139, ""0.9"": 4376, ""0.8"": 2335, ""0.7"": 1233}"
p0098,multi_hop,state_capital,11,ok,,cuda,14.99, Tallahassee,0.494140625,0.14,6.4,0.7148839661409835,0.9242554903030396,0.2851160168647766,3.214095873044539,"[0.2420138567686081, 0.13333913683891296, 0.6246470808982849]",1.0,0.4413268514227891,0.49036316824754345,0.03208241984248161,"[0.4584250748157501, 0.26395100355148315, 0.2776239514350891]",24,0.06530753523111343,0.0,0.11690482497215271,0.410025417804718,"[0.0, 0.017659759148955345, 0.0232694149017334, 0.008817564696073532, 0.01925528421998024, 0.01791520044207573, 0.004977855831384659, 0.015124069526791573, 0.029109643772244453, 0.03208241984248161, 0.11690482497215271]","[0.01881406456232071, 0.015007910318672657, 0.0163258109241724, 0.01573438011109829, 0.0189921036362648, 0.013850889168679714, 0.013569699600338936, 0.010245362296700478, 0.008164106868207455, 0.006995593197643757, 0.007891900837421417, 0.00851944088935852, 0.009133758954703808, 0.009427675977349281, 0.012555766850709915, 0.009839721024036407, 0.005967471748590469, 0.0049253362230956554, 0.005472693592309952, 0.008374806493520737, 0.003511244896799326, 0.009526307694613934, 0.017200423404574394, 0.0053162300027906895, 0.024294286966323853, 0.00545903854072094]",9387,9080,10,22352769,11,19,"{""0.95"": 5353, ""0.9"": 3828, ""0.8"": 2034, ""0.7"": 1077}"
p0099,multi_hop,state_capital_long,13,ok,,cuda,19.96, Tallahassee,0.322265625,0.18,6.85,0.734823949610899,0.9287399053573608,0.26517578959465027,3.1176838069962387,"[0.22198456525802612, 0.18041959404945374, 0.5975958108901978]",1.0,0.4076836805100154,0.44474583328365314,0.02895417995750904,"[0.49601829051971436, 0.2680785059928894, 0.23590320348739624]",0,0.04787610471248627,0.0,0.09550163894891739,0.36014464497566223,"[0.0, 0.010699678212404251, 0.01433003880083561, 0.021208303049206734, 0.01262691244482994, 0.013700710609555244, 0.018732324242591858, 0.01161508820950985, 0.0037947865203022957, 0.013334584422409534, 0.02067754417657852, 0.02895417995750904, 0.09550163894891739]","[0.019699115306138992, 0.01570160873234272, 0.018113290891051292, 0.014475793577730656, 0.016162371262907982, 0.014183036983013153, 0.013959048315882683, 0.009878874756395817, 0.009358901530504227, 0.007543887011706829, 0.00813980121165514, 0.007687686942517757, 0.008220764808356762, 0.0074437446892261505, 0.009088261984288692, 0.009580034762620926, 0.007156656123697758, 0.00622708722949028, 0.007419458590447903, 0.007260254118591547, 0.004822261165827513, 0.006204945966601372, 0.00971061922609806, 0.0075043062679469585, 0.015624519437551498, 0.004009453114122152]",11051,10690,12,30399258,13,19,"{""0.95"": 6198, ""0.9"": 4432, ""0.8"": 2358, ""0.7"": 1248}"
p0100,multi_hop,state_capital,11,ok,,cuda,15.04, Lansing,0.5234375,0.14,6.41,0.7008016527176888,0.9185726046562195,0.29919832944869995,3.1477318067823004,"[0.23179440200328827, 0.11607878655195236, 0.6521268486976624]",1.0,0.4805401922903481,0.5339335469892758,0.03284177556633949,"[0.4252619445323944, 0.25136399269104004, 0.3233740031719208]",0,0.08039817959070206,0.0,0.13561052083969116,0.4532462954521179,"[0.0, 0.01809798739850521, 0.02247864194214344, 0.008580528199672699, 0.020195333287119865, 0.01780758798122406, 0.004341399762779474, 0.012581586837768555, 0.02666294015944004, 0.03284177556633949, 0.13561052083969116]","[0.02017948590219021, 0.015444360673427582, 0.01705371029675007, 0.015948619693517685, 0.016036061570048332, 0.012280859053134918, 0.012734610587358475, 0.010218819603323936, 0.007341130170971155, 0.009952257387340069, 0.007863291539251804, 0.009585006162524223, 0.007723531685769558, 0.007348309736698866, 0.011615745723247528, 0.005192356184124947, 0.008015443570911884, 0.007911751046776772, 0.007324086036533117, 0.009030696004629135, 0.006093019153922796, 0.013956470414996147, 0.012551261112093925, 0.018357571214437485, 0.019947757944464684, 0.009492102079093456]",9409,9102,10,22527248,11,19,"{""0.95"": 5395, ""0.9"": 3869, ""0.8"": 2055, ""0.7"": 1080}"
p0101,multi_hop,state_capital_long,13,ok,,cuda,20.1, Lansing,0.55859375,0.18,6.99,0.7106084871497322,0.9213610887527466,0.2893912196159363,3.132877083875732,"[0.1971307247877121, 0.15181756019592285, 0.6510517597198486]",1.0,0.47476228227130574,0.5179224897505154,0.029563626274466515,"[0.43390706181526184, 0.24512028694152832, 0.3209726810455322]",0,0.07420694082975388,0.0,0.12582869827747345,0.4348048269748688,"[0.0, 0.010483484715223312, 0.014128009788691998, 0.020793188363313675, 0.011643216013908386, 0.013149903155863285, 0.016242876648902893, 0.010902165435254574, 0.003639725735411048, 0.011735126376152039, 0.021281203255057335, 0.029563626274466515, 0.12582869827747345]","[0.0189884714782238, 0.015390990301966667, 0.015903644263744354, 0.015042178332805634, 0.01514505222439766, 0.01321775745600462, 0.01318322867155075, 0.010164313949644566, 0.008533254265785217, 0.008293145336210728, 0.0078072817996144295, 0.009801048785448074, 0.006711797788739204, 0.006070583127439022, 0.010807640850543976, 0.0077904826030135155, 0.005277388729155064, 0.008376291953027248, 0.00966846477240324, 0.00901127140969038, 0.006304650101810694, 0.011945623904466629, 0.01126823015511036, 0.018302859738469124, 0.01600969210267067, 0.01037588156759739]",11112,10751,12,30795959,13,18,"{""0.95"": 6186, ""0.9"": 4404, ""0.8"": 2329, ""0.7"": 1216}"
p0102,multi_hop,state_capital,11,ok,,cuda,15.06, Springfield,0.22265625,0.14,6.43,0.7111856169215213,0.9222931861877441,0.28881436586380005,3.173807699312013,"[0.2449640929698944, 0.1332707405090332, 0.62176513671875]",1.0,0.44293662813550816,0.4921518090394535,0.035125114023685455,"[0.44854599237442017, 0.2951909303665161, 0.2562629282474518]",0,0.061269864439964294,0.0,0.11718668788671494,0.40575090050697327,"[0.0, 0.018310366198420525, 0.02365770749747753, 0.0086576659232378, 0.020123405382037163, 0.01950874924659729, 0.0046875448897480965, 0.014294210821390152, 0.02726290374994278, 0.035125114023685455, 0.11718668788671494]","[0.019604014232754707, 0.014607167802751064, 0.01734255999326706, 0.016105176880955696, 0.01572827249765396, 0.012775949202477932, 0.013310687616467476, 0.009956481866538525, 0.01011623814702034, 0.009050210937857628, 0.007645594887435436, 0.009910405613481998, 0.008728522807359695, 0.009246272966265678, 0.012571001425385475, 0.011632773093879223, 0.010373234748840332, 0.006097376346588135, 0.0064085680060088634, 0.006333987228572369, 0.0064072879031300545, 0.009776566177606583, 0.01265343651175499, 0.01495687011629343, 0.013916867785155773, 0.003558835480362177]",9418,9111,10,22700211,11,19,"{""0.95"": 5486, ""0.9"": 3964, ""0.8"": 2140, ""0.7"": 1151}"
p0104,multi_hop,state_capital,11,ok,,cuda,15.33, Albany,0.287109375,0.14,6.56,0.7108118878827229,0.9218602776527405,0.2891881465911865,3.159803890444062,"[0.24789878726005554, 0.1259472370147705, 0.6261539459228516]",1.0,0.4462169884704246,0.49579665385602734,0.04166756942868233,"[0.45971667766571045, 0.2762005627155304, 0.26408275961875916]",0,0.06294306367635727,0.0,0.11256348341703415,0.38923966884613037,"[0.0, 0.018352104350924492, 0.024070242419838905, 0.00863176304847002, 0.020635273307561874, 0.018445922061800957, 0.004400697071105242, 0.013575829565525055, 0.026845242828130722, 0.04166756942868233, 0.11256348341703415]","[0.019556131213903427, 0.01543331053107977, 0.01738661900162697, 0.016430649906396866, 0.017335286363959312, 0.01229991763830185, 0.015057866461575031, 0.010713562369346619, 0.008731258101761341, 0.009302480146288872, 0.01057261973619461, 0.008140994235873222, 0.008403264917433262, 0.008189743384718895, 0.010716470889747143, 0.006845433730632067, 0.009879138320684433, 0.00782377365976572, 0.007260909304022789, 0.006165630184113979, 0.006241947412490845, 0.009529024362564087, 0.01491271797567606, 0.009810199961066246, 0.016871964558959007, 0.005577207542955875]",9612,9305,10,23264289,11,19,"{""0.95"": 5599, ""0.9"": 4069, ""0.8"": 2220, ""0.7"": 1197}"
p0105,multi_hop,state_capital_long,13,ok,,cuda,20.32, Albany,0.380859375,0.19,6.91,0.7177006553776143,0.9241500496864319,0.2822990417480469,3.1692358091285047,"[0.22367875277996063, 0.16491732001304626, 0.6114039421081543]",1.0,0.4283429160620153,0.4672831811585621,0.038533084094524384,"[0.46880996227264404, 0.27854666113853455, 0.2526434659957886]",0,0.05690770223736763,0.0,0.10018981993198395,0.35490670800209045,"[0.0, 0.010758548974990845, 0.015495493076741695, 0.023658808320760727, 0.013231441378593445, 0.01181549858301878, 0.01784469187259674, 0.01325437892228365, 0.0036414319183677435, 0.01293168030679226, 0.020944174379110336, 0.038533084094524384, 0.10018981993198395]","[0.01997789368033409, 0.01646067015826702, 0.018150895833969116, 0.015338006429374218, 0.015484125353395939, 0.01173822395503521, 0.014610434882342815, 0.010907524265348911, 0.009676825255155563, 0.010036732070147991, 0.009293068200349808, 0.00996516365557909, 0.007946500554680824, 0.00828452967107296, 0.007527630310505629, 0.008025272749364376, 0.009104158729314804, 0.008450393564999104, 0.009614263661205769, 0.004799045156687498, 0.00609395420178771, 0.008547024801373482, 0.013179028406739235, 0.010530853644013405, 0.01195743028074503, 0.006599410902708769]",11267,10906,12,31406364,13,18,"{""0.95"": 6383, ""0.9"": 4596, ""0.8"": 2488, ""0.7"": 1331}"
p0106,multi_hop,state_capital,11,ok,,cuda,15.09, Harrisburg,0.26953125,0.14,6.52,0.7178789422999867,0.9243475198745728,0.28212103247642517,3.1660422701188264,"[0.25390177965164185, 0.12417822331190109, 0.6219200491905212]",1.0,0.4419005490171761,0.49100061001908457,0.03585655242204666,"[0.47309407591819763, 0.2937796115875244, 0.23312626779079437]",0,0.04995797574520111,0.0,0.1125330775976181,0.39888229966163635,"[0.0, 0.0180901437997818, 0.023936819285154343, 0.009578146040439606, 0.020025914534926414, 0.017406649887561798, 0.0046951742842793465, 0.0129314623773098, 0.027067072689533234, 0.03585655242204666, 0.1125330775976181]","[0.019126329571008682, 0.015795931220054626, 0.01788708008825779, 0.016399545595049858, 0.016795799136161804, 0.01273360475897789, 0.012320468202233315, 0.012923813425004482, 0.009487209841609001, 0.008015552535653114, 0.009842309169471264, 0.008877948857843876, 0.008726820349693298, 0.010693581774830818, 0.010940354317426682, 0.009477667510509491, 0.008568771183490753, 0.007738400250673294, 0.005950935184955597, 0.009860909543931484, 0.007111696992069483, 0.006142920348793268, 0.008645465597510338, 0.010708687826991081, 0.01171820517629385, 0.005631001200526953]",9456,9149,10,22893614,11,19,"{""0.95"": 5477, ""0.9"": 3944, ""0.8"": 2115, ""0.7"": 1137}"
p0107,multi_hop,state_capital_long,13,ok,,cuda,20.29, Harrisburg,0.2294921875,0.18,6.88,0.7236709661235714,0.925658643245697,0.2763287127017975,3.1429761371689557,"[0.21505789458751678, 0.16296027600765228, 0.6219817996025085]",1.0,0.4328566296100526,0.47220723230187556,0.034817710518836975,"[0.4732438921928406, 0.2822428345680237, 0.24451327323913574]",0,0.05094234272837639,0.0,0.10361362248659134,0.374965101480484,"[0.0, 0.010637598112225533, 0.01513148844242096, 0.020878568291664124, 0.01277901977300644, 0.012420684099197388, 0.0171440951526165, 0.011810625903308392, 0.0036551975645124912, 0.013105751015245914, 0.02033434808254242, 0.034817710518836975, 0.10361362248659134]","[0.019809285178780556, 0.01577630080282688, 0.018127240240573883, 0.015173441730439663, 0.01537161972373724, 0.012746792286634445, 0.011983812786638737, 0.011776548810303211, 0.010005835443735123, 0.009318739175796509, 0.009123576804995537, 0.009975748136639595, 0.00790915172547102, 0.007799480576068163, 0.008961616083979607, 0.010469609871506691, 0.007156111299991608, 0.0072777727618813515, 0.008000082336366177, 0.008623603731393814, 0.0064583225175738335, 0.007615086622536182, 0.006947662681341171, 0.011323092505335808, 0.01149887777864933, 0.0070993029512465]",11158,10797,12,31237164,13,18,"{""0.95"": 6290, ""0.9"": 4509, ""0.8"": 2404, ""0.7"": 1278}"
p0108,multi_hop,state_capital,11,ok,,cuda,15.07, Madison,0.337890625,0.14,6.42,0.7177024101526264,0.9241410493850708,0.2822975814342499,3.1516725060198314,"[0.25406768918037415, 0.13009609282016754, 0.6158362030982971]",1.0,0.4308506728588613,0.4787229698431792,0.043476760387420654,"[0.4830721914768219, 0.26774853467941284, 0.2491791844367981]",0,0.05351123586297035,0.0,0.10483912378549576,0.3713780343532562,"[0.0, 0.01841559447348118, 0.02387796714901924, 0.009512368589639664, 0.019916759803891182, 0.01785738207399845, 0.004477150272578001, 0.014391276985406876, 0.025533197447657585, 0.043476760387420654, 0.10483912378549576]","[0.01921837590634823, 0.015175582841038704, 0.01710358075797558, 0.017431223765015602, 0.017378641292452812, 0.014212703332304955, 0.014397293329238892, 0.011530146934092045, 0.009922577999532223, 0.006905435584485531, 0.008740685880184174, 0.00732610234990716, 0.007943044416606426, 0.00761027168482542, 0.011827402748167515, 0.008452577516436577, 0.010364899411797523, 0.006414344068616629, 0.009827937930822372, 0.007003513630479574, 0.005622026044875383, 0.007097391411662102, 0.011569068767130375, 0.013718996196985245, 0.012058075517416, 0.0034456788562238216]",9447,9140,10,22711354,11,19,"{""0.95"": 5470, ""0.9"": 3944, ""0.8"": 2118, ""0.7"": 1129}"
p0109,multi_hop,state_capital_long,13,ok,,cuda,20.09, Madison,0.326171875,0.19,6.87,0.7309245663482414,0.9271054863929749,0.2690751850605011,3.091272468365575,"[0.22362613677978516, 0.166005939245224, 0.6103680729866028]",1.0,0.41629209000958983,0.45413682546500705,0.04128983989357948,"[0.4892224371433258, 0.28098106384277344, 0.22979651391506195]",0,0.04670203477144241,0.0,0.08971638977527618,0.33342501521110535,"[0.0, 0.010348247364163399, 0.014842783100903034, 0.022055916488170624, 0.012925287708640099, 0.012632670812308788, 0.01617119461297989, 0.01231782790273428, 0.003546379506587982, 0.012984166853129864, 0.020244475454092026, 0.04128983989357948, 0.08971638977527618]","[0.019106553867459297, 0.015437006019055843, 0.01682758890092373, 0.015343387611210346, 0.01617501676082611, 0.014238179661333561, 0.014301604591310024, 0.011060128919780254, 0.009148146957159042, 0.007884111255407333, 0.0077667259611189365, 0.007980474270880222, 0.009016101248562336, 0.00705166719853878, 0.011694660410284996, 0.008567020297050476, 0.009164995513856411, 0.006479274481534958, 0.010380296967923641, 0.004750204272568226, 0.004264526534825563, 0.0065741147845983505, 0.009171782061457634, 0.012398124672472477, 0.011313589289784431, 0.0029798976611346006]",11121,10760,12,30881334,13,19,"{""0.95"": 6278, ""0.9"": 4508, ""0.8"": 2413, ""0.7"": 1284}"
p0110,multi_hop,state_capital,11,ok,,cuda,15.0, Nashville,0.244140625,0.14,6.42,0.7199224233627319,0.9244292378425598,0.28007757663726807,3.1264982733358506,"[0.24868060648441315, 0.1286255419254303, 0.6226938962936401]",1.0,0.4385850994047875,0.4873167771164305,0.04382046312093735,"[0.4792795181274414, 0.2868901789188385, 0.23383019864559174]",0,0.04776458814740181,0.0,0.10544721782207489,0.3764928877353668,"[0.0, 0.016934029757976532, 0.023847311735153198, 0.00893336907029152, 0.01993515156209469, 0.01707497052848339, 0.004844970535486937, 0.014105185866355896, 0.025134911760687828, 0.04382046312093735, 0.10544721782207489]","[0.01945677399635315, 0.01625160314142704, 0.018506327643990517, 0.016347505152225494, 0.01698308065533638, 0.013379269279539585, 0.012275212444365025, 0.010431483387947083, 0.010604208335280418, 0.008925323374569416, 0.00772388931363821, 0.008694546297192574, 0.007536307908594608, 0.008127469569444656, 0.009633451700210571, 0.013666213490068913, 0.008877142332494259, 0.007167174946516752, 0.010074679739773273, 0.007651330437511206, 0.004651754163205624, 0.010893916711211205, 0.009313085116446018, 0.011390085332095623, 0.007013961672782898, 0.004501786548644304]",9378,9071,10,22259517,11,19,"{""0.95"": 5424, ""0.9"": 3909, ""0.8"": 2095, ""0.7"": 1114}"
p0111,multi_hop,state_capital_long,13,ok,,cuda,20.02, Nashville,0.1513671875,0.18,6.97,0.7305316189753668,0.9262416362762451,0.26946818828582764,3.0462742008199544,"[0.21909695863723755, 0.1632537841796875, 0.617649257183075]",1.0,0.42478671110937666,0.4634036848465927,0.038822613656520844,"[0.4761529564857483, 0.2944227159023285, 0.22942429780960083]",0,0.044376812875270844,0.0,0.09659420698881149,0.3584623634815216,"[0.0, 0.010241529904305935, 0.01500305812805891, 0.020738108083605766, 0.013056961819529533, 0.012675558216869831, 0.015566742047667503, 0.011982742697000504, 0.003766655456274748, 0.013379496522247791, 0.01764049381017685, 0.038822613656520844, 0.09659420698881149]","[0.01959695853292942, 0.015846012160182, 0.0179529320448637, 0.014401712454855442, 0.014365612529218197, 0.01329200342297554, 0.012947184033691883, 0.010213540866971016, 0.0096921157091856, 0.010104527696967125, 0.006290941033512354, 0.007614647503942251, 0.008923267014324665, 0.007599745877087116, 0.008703392930328846, 0.013165455311536789, 0.009893631562590599, 0.007041944190859795, 0.011648382060229778, 0.005797354504466057, 0.005423176102340221, 0.007578539662063122, 0.00655098631978035, 0.011795489117503166, 0.006698017939925194, 0.006330603267997503]",11056,10695,12,30322937,13,19,"{""0.95"": 6261, ""0.9"": 4485, ""0.8"": 2404, ""0.7"": 1278}"
p0112,multi_hop,state_capital,11,ok,,cuda,15.02, Lincoln,0.431640625,0.14,6.41,0.7106315532891351,0.9212449789047241,0.2893684208393097,3.1171579779308423,"[0.23497726023197174, 0.1262347251176834, 0.6387879252433777]",1.0,0.4561718681889206,0.5068576313210228,0.04186601564288139,"[0.4576418995857239, 0.28756260871887207, 0.25479552149772644]",0,0.056867294013500214,0.0,0.11776332557201385,0.4069667160511017,"[0.0, 0.01700541190803051, 0.02349216863512993, 0.009199217893183231, 0.018298210576176643, 0.016742495819926262, 0.004302839748561382, 0.015483012422919273, 0.025215737521648407, 0.04186601564288139, 0.11776332557201385]","[0.019796080887317657, 0.01547960378229618, 0.018287064507603645, 0.01573251374065876, 0.017242399975657463, 0.013432905077934265, 0.012327799573540688, 0.010686787776648998, 0.00944195594638586, 0.00840877927839756, 0.007573252078145742, 0.006954612210392952, 0.008481038734316826, 0.010941710323095322, 0.010452747344970703, 0.011602282524108887, 0.011050885543227196, 0.007746222894638777, 0.007029036059975624, 0.0098334439098835, 0.009113037027418613, 0.004387486260384321, 0.004958341829478741, 0.01938721351325512, 0.015961529687047005, 0.003059683833271265]",9413,9106,10,22465216,11,18,"{""0.95"": 5381, ""0.9"": 3860, ""0.8"": 2067, ""0.7"": 1110}"
p0113,multi_hop,state_capital_long,13,ok,,cuda,19.94, Lincoln,0.30078125,0.18,6.85,0.7281993092591384,0.9254418611526489,0.2718004882335663,3.045562334369345,"[0.22828951478004456, 0.1630285531282425, 0.608681857585907]",1.0,0.4102677791147927,0.4475648499434102,0.04226848483085632,"[0.49316805601119995, 0.29133883118629456, 0.21549315750598907]",0,0.04692293331027031,0.0,0.0893673226237297,0.32879751920700073,"[0.0, 0.011094818823039532, 0.015829063951969147, 0.021426254883408546, 0.01369906309992075, 0.013137603178620338, 0.016403034329414368, 0.011119155213236809, 0.0036514492239803076, 0.01412160973995924, 0.019682617858052254, 0.04226848483085632, 0.0893673226237297]","[0.02099688909947872, 0.015616031363606453, 0.018377799540758133, 0.01526117604225874, 0.01655641943216324, 0.015445542521774769, 0.013306297361850739, 0.009533570148050785, 0.008949581533670425, 0.00883945170789957, 0.008423775434494019, 0.0071091558784246445, 0.008742784149944782, 0.009722424671053886, 0.00862504355609417, 0.010593380779027939, 0.00962077733129263, 0.007509236689656973, 0.0063550095073878765, 0.005293196998536587, 0.007236493285745382, 0.0046593379229307175, 0.005320805590599775, 0.015171852894127369, 0.009099348448216915, 0.005435092840343714]",11051,10690,12,30328130,13,18,"{""0.95"": 6218, ""0.9"": 4457, ""0.8"": 2392, ""0.7"": 1282}"
p0114,multi_hop,city_language,8,ok,,cuda,9.86, French,0.33984375,0.08,5.99,0.7449646522136344,0.9357281923294067,0.2550353705883026,3.3681280659311232,"[0.21184544265270233, 0.22825296223163605, 0.5599016547203064]",1.0,0.422651298644986,0.4930931817524837,0.026947423815727234,"[0.45521852374076843, 0.284524142742157, 0.2602572739124298]",0,0.051554109901189804,0.0,0.11584729701280594,0.4542400538921356,"[0.0, 0.008063403889536858, 0.02095639891922474, 0.02500827983021736, 0.017124809324741364, 0.04108776897192001, 0.026947423815727234, 0.11584729701280594]","[0.02216094359755516, 0.013070465065538883, 0.015100378543138504, 0.010887596756219864, 0.013435643166303635, 0.010373815894126892, 0.011562262661755085, 0.01032303273677826, 0.009182687848806381, 0.007149324752390385, 0.007143575232475996, 0.008703202940523624, 0.008270259015262127, 0.008372451178729534, 0.007245458662509918, 0.006796760484576225, 0.008242586627602577, 0.010640103369951248, 0.006581995636224747, 0.008238712325692177, 0.011562232859432697, 0.007486060261726379, 0.013927887193858624, 0.009372259490191936, 0.0029302015900611877, 0.00627546664327383]",7208,6982,7,13583272,8,20,"{""0.95"": 3977, ""0.9"": 2811, ""0.8"": 1490, ""0.7"": 785}"
p0115,multi_hop,city_language,8,ok,,cuda,9.73, German,0.259765625,0.08,5.99,0.7419829589719462,0.9349920749664307,0.25801703333854675,3.372066078862897,"[0.20779374241828918, 0.23442447185516357, 0.5577817559242249]",1.0,0.4204153502553178,0.49048457529787076,0.028216805309057236,"[0.4636443257331848, 0.2747831344604492, 0.26157253980636597]",0,0.05494485795497894,0.0,0.11570039391517639,0.4484214782714844,"[0.0, 0.008036380633711815, 0.020765477791428566, 0.024812471121549606, 0.017938563600182533, 0.04254694655537605, 0.028216805309057236, 0.11570039391517639]","[0.02114032953977585, 0.01485296618193388, 0.015281543135643005, 0.011728600598871708, 0.014958221465349197, 0.011325127445161343, 0.01205025427043438, 0.009382068179547787, 0.00890902616083622, 0.007779909297823906, 0.006570726167410612, 0.007558346260339022, 0.008393633179366589, 0.008183330297470093, 0.0069601042196154594, 0.008896316401660442, 0.00914155226200819, 0.007414810359477997, 0.0060144211165606976, 0.006530890706926584, 0.010038095526397228, 0.004518549889326096, 0.012180667370557785, 0.007167895324528217, 0.015727320685982704, 0.005312330089509487]",7216,6990,7,13567490,8,20,"{""0.95"": 4062, ""0.9"": 2909, ""0.8"": 1579, ""0.7"": 847}"
p0116,multi_hop,city_language,8,ok,,cuda,9.77, Spanish,0.3125,0.08,5.95,0.7297501998990893,0.9318171739578247,0.27024978399276733,3.3980230195739467,"[0.20288676023483276, 0.23851798474788666, 0.5585952997207642]",1.0,0.4313228813386935,0.5032100282284758,0.028785737231373787,"[0.4611782729625702, 0.24923847615718842, 0.2895832657814026]",0,0.05896417424082756,0.0,0.12217450886964798,0.4520799517631531,"[0.0, 0.008096701465547085, 0.02134918048977852, 0.025384219363331795, 0.017652912065386772, 0.04680652543902397, 0.028785737231373787, 0.12217450886964798]","[0.022973567247390747, 0.015098986215889454, 0.017131615430116653, 0.012781958095729351, 0.013529859483242035, 0.012172183021903038, 0.011450148187577724, 0.010677861981093884, 0.008817140012979507, 0.007420220412313938, 0.00704546133056283, 0.007168676238507032, 0.0068078902550041676, 0.006892440840601921, 0.006988876033574343, 0.0072088707238435745, 0.007827989757061005, 0.009996223263442516, 0.010886461474001408, 0.008409185335040092, 0.010096007026731968, 0.007833605632185936, 0.010281494818627834, 0.00907165464013815, 0.015798721462488174, 0.0058826869353652]",7226,7000,7,13684357,8,20,"{""0.95"": 4026, ""0.9"": 2887, ""0.8"": 1550, ""0.7"": 817}"
p0117,multi_hop,city_language,8,ok,,cuda,9.93, Italian,0.1494140625,0.08,5.96,0.7387180988834589,0.9330059289932251,0.2612818777561188,3.3146820239770927,"[0.20211191475391388, 0.23052896559238434, 0.5673591494560242]",1.0,0.433610527740524,0.5058789490306114,0.027467407286167145,"[0.4625307619571686, 0.26167556643486023, 0.2757936716079712]",0,0.058617208153009415,0.0,0.12077326327562332,0.46223360300064087,"[0.0, 0.007912363857030869, 0.02079443819820881, 0.0241013765335083, 0.01729768142104149, 0.042935360223054886, 0.027467407286167145, 0.12077326327562332]","[0.0227416530251503, 0.014678305014967918, 0.015986749902367592, 0.010628077201545238, 0.013929651118814945, 0.011273536831140518, 0.011375589296221733, 0.011300292797386646, 0.00893705990165472, 0.0076421815901994705, 0.007215650752186775, 0.007671079598367214, 0.007768105249851942, 0.007850660011172295, 0.007464357651770115, 0.007163557689636946, 0.008482418954372406, 0.007113076280802488, 0.006219558883458376, 0.007223127409815788, 0.012201623991131783, 0.009284017607569695, 0.009590442292392254, 0.011944569647312164, 0.005281996447592974, 0.010314556770026684]",7339,7113,7,14065685,8,20,"{""0.95"": 4115, ""0.9"": 2946, ""0.8"": 1598, ""0.7"": 866}"
p0118,multi_hop,city_language,8,ok,,cuda,9.73, Japanese,0.1953125,0.08,5.92,0.7343068998225808,0.931410014629364,0.2656930685043335,3.28915990121825,"[0.19373786449432373, 0.23081690073013306, 0.5754452347755432]",1.0,0.44376660324265815,0.5177277037831012,0.027745364233851433,"[0.4439469873905182, 0.26401570439338684, 0.29203736782073975]",0,0.06494349241256714,0.0,0.12514644861221313,0.47101888060569763,"[0.0, 0.007869749329984188, 0.020395316183567047, 0.023209739476442337, 0.017290765419602394, 0.044035688042640686, 0.027745364233851433, 0.12514644861221313]","[0.021740172058343887, 0.014842299744486809, 0.016144905239343643, 0.010758481919765472, 0.014347800984978676, 0.011134270578622818, 0.01039794646203518, 0.010249592363834381, 0.008338161744177341, 0.007827711291611195, 0.006711836904287338, 0.008035925216972828, 0.0065506454557180405, 0.008154653012752533, 0.008521521463990211, 0.006316415499895811, 0.009067647159099579, 0.008960784412920475, 0.0062531884759664536, 0.006395616568624973, 0.012578890658915043, 0.01147991232573986, 0.016647780314087868, 0.008533548563718796, 0.006049856077879667, 0.00965350866317749]",7139,6913,7,13366346,8,19,"{""0.95"": 3947, ""0.9"": 2816, ""0.8"": 1510, ""0.7"": 812}"
p0119,multi_hop,city_language,8,ok,,cuda,9.95, Russian,0.384765625,0.08,5.97,0.7432997754246198,0.9349943399429321,0.2567002475261688,3.348350567239106,"[0.20634153485298157, 0.2655814290046692, 0.5280770659446716]",1.0,0.4114058407968842,0.4799734809296982,0.02732633240520954,"[0.4766417145729065, 0.27119559049606323, 0.25216275453567505]",0,0.04953402653336525,0.0,0.10823119431734085,0.4216247797012329,"[0.0, 0.007709091063588858, 0.020533360540866852, 0.024725478142499924, 0.018770236521959305, 0.049404583871364594, 0.02732633240520954, 0.10823119431734085]","[0.02117113769054413, 0.01660265028476715, 0.015511692501604557, 0.012241180986166, 0.01405587512999773, 0.010886291041970253, 0.011593000963330269, 0.010618621483445168, 0.009673594497144222, 0.008094573393464088, 0.0062463171780109406, 0.007533542811870575, 0.008003716357052326, 0.0068021975457668304, 0.0065971664153039455, 0.008863143622875214, 0.008286943659186363, 0.00918836984783411, 0.007821846753358841, 0.007374372333288193, 0.011054481379687786, 0.008276798762381077, 0.010782547295093536, 0.006888404488563538, 0.003442011773586273, 0.009089781902730465]",7385,7159,7,14180018,8,19,"{""0.95"": 4136, ""0.9"": 2946, ""0.8"": 1576, ""0.7"": 839}"
p0120,multi_hop,city_language,8,ok,,cuda,9.77, Portuguese,0.376953125,0.08,5.94,0.7273697907361201,0.9305136799812317,0.2726301848888397,3.352037138521849,"[0.19489960372447968, 0.25473764538764954, 0.5503627061843872]",1.0,0.44012106780501037,0.5134745791058454,0.027270149439573288,"[0.451860636472702, 0.2737329304218292, 0.2744062840938568]",0,0.060074612498283386,0.0,0.12277533859014511,0.45033660531044006,"[0.0, 0.007949468679726124, 0.02075018361210823, 0.0244358628988266, 0.01748248189687729, 0.05196669325232506, 0.027270149439573288, 0.12277533859014511]","[0.022018399089574814, 0.015435071662068367, 0.016115903854370117, 0.01260608620941639, 0.014465471729636192, 0.010643420740962029, 0.012046026065945625, 0.01126288902014494, 0.008597596548497677, 0.008692986331880093, 0.007111537270247936, 0.006747491657733917, 0.007791350595653057, 0.007881470955908298, 0.010490703396499157, 0.008982458151876926, 0.009004518389701843, 0.007925355806946754, 0.0064294347539544106, 0.008307394571602345, 0.013254447840154171, 0.006488512270152569, 0.015021593309938908, 0.011752168647944927, 0.008359657600522041, 0.00519823282957077]",7229,7003,7,13672279,8,20,"{""0.95"": 4029, ""0.9"": 2880, ""0.8"": 1542, ""0.7"": 809}"
p0122,multi_hop,city_language_long,13,ok,,cuda,22.08, German,0.1689453125,0.21,7.1,0.7536265478618904,0.9356287121772766,0.24637344479560852,3.2092809244776626,"[0.19244858622550964, 0.11874416470527649, 0.6888072490692139]",1.0,0.4917097296850592,0.5364106142018827,0.016932412981987,"[0.4445221722126007, 0.28361088037490845, 0.2718670070171356]",0,0.05258455127477646,0.0,0.10499709099531174,0.4261704981327057,"[0.0, 0.015134245157241821, 0.013099716044962406, 0.008345224894583225, 0.010835034772753716, 0.008054744452238083, 0.0023649674840271473, 0.010303765535354614, 0.008531932719051838, 0.031047914177179337, 0.01672639325261116, 0.016932412981987, 0.10499709099531174]","[0.017916368320584297, 0.01315427664667368, 0.012220792472362518, 0.011236303485929966, 0.013282553292810917, 0.012792960740625858, 0.01175733283162117, 0.009215936064720154, 0.00794192310422659, 0.007821228355169296, 0.007244691718369722, 0.006255625747144222, 0.008712053298950195, 0.007133270613849163, 0.0066585056483745575, 0.007426912896335125, 0.011244523338973522, 0.0073773739859461784, 0.006311324425041676, 0.00808492861688137, 0.01225578784942627, 0.0048804800026118755, 0.010878714732825756, 0.005382595583796501, 0.013991049490869045, 0.005195921286940575]",11899,11538,12,35347281,13,19,"{""0.95"": 6304, ""0.9"": 4400, ""0.8"": 2271, ""0.7"": 1176}"
p0123,multi_hop,city_language_long,13,ok,,cuda,22.24, Spanish,0.3046875,0.21,7.11,0.7479499578475952,0.9355514049530029,0.2520500421524048,3.314921912772922,"[0.1880003809928894, 0.11546757072210312, 0.6965320110321045]",1.0,0.5015708078741153,0.5471681540444895,0.015847209841012955,"[0.44177377223968506, 0.27981528639793396, 0.278410941362381]",0,0.05331382900476456,0.0,0.10741756856441498,0.4261755645275116,"[0.0, 0.015149226412177086, 0.012875707820057869, 0.008587630465626717, 0.010772938840091228, 0.008553508669137955, 0.002274997066706419, 0.010420306585729122, 0.007854793220758438, 0.03619511425495148, 0.016101036220788956, 0.015847209841012955, 0.10741756856441498]","[0.019518911838531494, 0.013295428827404976, 0.012903480790555477, 0.012020834721624851, 0.012996485456824303, 0.012530525214970112, 0.012198010459542274, 0.008346360176801682, 0.0075390636920928955, 0.008276707492768764, 0.006840095389634371, 0.0076583996415138245, 0.007409108802676201, 0.00761016458272934, 0.007480965461581945, 0.006939512677490711, 0.00876031257212162, 0.009552190080285072, 0.010109737515449524, 0.00674991961568594, 0.009077141992747784, 0.010115714743733406, 0.008775218389928341, 0.006106607615947723, 0.011806245893239975, 0.007432898506522179]",11933,11572,12,35642288,13,19,"{""0.95"": 6196, ""0.9"": 4304, ""0.8"": 2204, ""0.7"": 1133}"
p0124,multi_hop,city_language_long,13,ok,,cuda,22.05, with,0.224609375,0.21,7.09,0.7561859713848225,0.936298668384552,0.24381402134895325,3.2078219453410415,"[0.18932390213012695, 0.11703383177518845, 0.693642258644104]",1.0,0.496680742886045,0.5418335376938672,0.01786242425441742,"[0.4590698778629303, 0.2723378837108612, 0.2685922086238861]",0,0.052945367991924286,0.0,0.10510662943124771,0.4310934543609619,"[0.0, 0.014665046706795692, 0.012722301296889782, 0.008144520223140717, 0.01062795426696539, 0.007818292826414108, 0.0022605410777032375, 0.010066172108054161, 0.008389482274651527, 0.029877059161663055, 0.01627359166741371, 0.01786242425441742, 0.10510662943124771]","[0.018974769860506058, 0.013407629914581776, 0.012454202398657799, 0.010489079169929028, 0.01428359467536211, 0.013182751834392548, 0.011739480309188366, 0.009330324828624725, 0.008065838366746902, 0.008002765476703644, 0.007222861051559448, 0.006124356761574745, 0.007574642077088356, 0.006973938550800085, 0.006778058595955372, 0.006484351120889187, 0.009991973638534546, 0.007246855646371841, 0.006516654975712299, 0.006024520378559828, 0.012670368887484074, 0.0077448575757443905, 0.008752020075917244, 0.011913229711353779, 0.003452610457316041, 0.008412281051278114]",11886,11525,12,35023039,13,19,"{""0.95"": 6248, ""0.9"": 4363, ""0.8"": 2270, ""0.7"": 1185}"
p0125,multi_hop,city_language_long,13,ok,,cuda,22.05, Japanese,0.236328125,0.21,7.1,0.7538612597266028,0.9357507824897766,0.24613873660564423,3.2133314966326316,"[0.18994207680225372, 0.11462651193141937, 0.6954313516616821]",1.0,0.5021452974650642,0.5477948699618882,0.016709724441170692,"[0.43822968006134033, 0.2931641638278961, 0.26860618591308594]",0,0.05203491076827049,0.0,0.10379808396100998,0.42170557379722595,"[0.0, 0.014707102440297604, 0.012492365203797817, 0.00836927630007267, 0.011183363385498524, 0.008070731535553932, 0.002198600210249424, 0.01076437160372734, 0.007180321961641312, 0.03617085516452789, 0.014493940398097038, 0.016709724441170692, 0.10379808396100998]","[0.018165554851293564, 0.013070673681795597, 0.01301085390150547, 0.010471239686012268, 0.013411679305136204, 0.011481573805212975, 0.012694988399744034, 0.008558567613363266, 0.0070001655258238316, 0.007723407819867134, 0.006924367044121027, 0.007600842043757439, 0.0076961698941886425, 0.007012362591922283, 0.007912644185125828, 0.006515060551464558, 0.0121909249573946, 0.008583275601267815, 0.006963367573916912, 0.007116110995411873, 0.012136714532971382, 0.011650689877569675, 0.01305047795176506, 0.00558284018188715, 0.003667563432827592, 0.0059466236270964146]",11893,11532,12,35291591,13,19,"{""0.95"": 6193, ""0.9"": 4304, ""0.8"": 2203, ""0.7"": 1139}"
p0126,code_completion,code,11,ok,,cuda,15.22, a,0.9453125,0.13,6.36,0.7574598129778821,0.9403261542320251,0.2425401508808136,3.465012204199313,"[0.42627912759780884, 0.13989189267158508, 0.4338289797306061]",1.0,0.37542178376337687,0.417135315292641,0.013549872674047947,"[0.45462217926979065, 0.33423322439193726, 0.21114473044872284]",0,0.0311961118131876,0.0,0.08092857897281647,0.33367085456848145,"[0.0, 0.032681483775377274, 0.023295341059565544, 0.02148078754544258, 0.025932198390364647, 0.010061515495181084, 0.01399960182607174, 0.009868284687399864, 0.0107424883171916, 0.013549872674047947, 0.08092857897281647]","[0.022587403655052185, 0.014216060750186443, 0.01218421570956707, 0.008413662202656269, 0.01038949005305767, 0.010023383423686028, 0.012521356344223022, 0.010735612362623215, 0.009192935191094875, 0.007512201555073261, 0.006470175459980965, 0.00811014324426651, 0.009927334263920784, 0.012591991573572159, 0.009158678352832794, 0.009375233203172684, 0.006882678717374802, 0.011036533862352371, 0.013407341204583645, 0.006607614457607269, 0.0049607641994953156, 0.009979160502552986, 0.003434418234974146, 0.005053650587797165, 0.005733557045459747, 0.0020345612429082394]",9094,8795,10,21476821,11,19,"{""0.95"": 4774, ""0.9"": 3262, ""0.8"": 1689, ""0.7"": 914}"
p0127,code_completion,code,11,ok,,cuda,14.82, x,0.97265625,0.12,6.27,0.7636439518504086,0.9413030743598938,0.23635601997375488,3.372585577935393,"[0.43518343567848206, 0.09158753603696823, 0.47322896122932434]",1.0,0.38181148159603734,0.42423497955115264,0.02945459820330143,"[0.4592881500720978, 0.33269792795181274, 0.20801393687725067]",0,0.03216186538338661,0.0,0.06657683849334717,0.28168031573295593,"[0.0, 0.025597207248210907, 0.03816600143909454, 0.016953041777014732, 0.02214197814464569, 0.008537555113434792, 0.007479886524379253, 0.00562982726842165, 0.015819085761904716, 0.02945459820330143, 0.06657683849334717]","[0.023314012214541435, 0.014714134857058525, 0.01275058276951313, 0.010600829496979713, 0.011016149073839188, 0.008585772477090359, 0.013521071523427963, 0.007339879404753447, 0.006713081616908312, 0.007097321562469006, 0.008366827853024006, 0.009997488930821419, 0.00853938888758421, 0.007280400488525629, 0.011024435982108116, 0.00792577676475048, 0.008627128787338734, 0.009776387363672256, 0.011442139744758606, 0.005561341065913439, 0.009169887751340866, 0.005271910224109888, 0.008547801524400711, 0.002110549947246909, 0.0024654704611748457, 0.004596245009452105]",8845,8547,10,20396521,11,19,"{""0.95"": 4615, ""0.9"": 3182, ""0.8"": 1644, ""0.7"": 874}"
p0128,code_completion,code,10,ok,,cuda,12.18, ,0.94921875,0.09,6.0,0.7267767733237052,0.9300025701522827,0.27322325110435486,3.3048625169349273,"[0.19974038004875183, 0.2529319226741791, 0.5473276376724243]",1.0,0.3740823355386669,0.4208426274810002,0.029301606118679047,"[0.43251073360443115, 0.33004358410835266, 0.237445667386055]",0,0.049428872764110565,0.0,0.09508197754621506,0.34800103306770325,"[0.0, 0.018900839611887932, 0.03013489581644535, 0.0055379788391292095, 0.016005001962184906, 0.03706163167953491, 0.016040250658988953, 0.02515905536711216, 0.029301606118679047, 0.09508197754621506]","[0.017663942649960518, 0.014067646116018295, 0.017431357875466347, 0.012223327532410622, 0.01413644291460514, 0.013879864476621151, 0.009962509386241436, 0.011090761050581932, 0.0077161360532045364, 0.010601372458040714, 0.008116465061903, 0.009253723546862602, 0.012373445555567741, 0.006900820881128311, 0.009754007682204247, 0.010425997897982597, 0.012676374986767769, 0.010073376819491386, 0.00730919698253274, 0.008137606084346771, 0.013435715809464455, 0.007955243811011314, 0.010543719865381718, 0.004752696957439184, 0.008145184256136417, 0.004596313927322626]",7537,7266,9,14465677,10,20,"{""0.95"": 4135, ""0.9"": 2907, ""0.8"": 1570, ""0.7"": 880}"
p0129,code_completion,code,5,ok,,cuda,5.89,upper,0.1279296875,0.04,5.66,0.6957945201580655,0.9284963011741638,0.3042055070400238,3.8615423528098596,"[0.26596254110336304, 0.0967298299074173, 0.6373075842857361]",1.0,0.4140253742034834,0.5520338322713112,0.02942574955523014,"[0.38779449462890625, 0.30132272839546204, 0.31088268756866455]",0,0.07511980831623077,0.0,0.19387249648571014,0.6373075842857361,"[0.0, 0.04568113014101982, 0.03522614762187004, 0.02942574955523014, 0.19387249648571014]","[0.021684158593416214, 0.014099798165261745, 0.01593136042356491, 0.013553796336054802, 0.01255390327423811, 0.0123470239341259, 0.01198690664023161, 0.008372582495212555, 0.007439704611897469, 0.00816517323255539, 0.007212940137833357, 0.008938687853515148, 0.008181590586900711, 0.00890494417399168, 0.012152399867773056, 0.013664692640304565, 0.012669289484620094, 0.011774331331253052, 0.011749494820833206, 0.007702933624386787, 0.008579816669225693, 0.008515208959579468, 0.011141089722514153, 0.02028835006058216, 0.016102463006973267, 0.010492878034710884]",4777,4632,4,6470289,5,20,"{""0.95"": 2616, ""0.9"": 1851, ""0.8"": 1005, ""0.7"": 582}"
p0130,code_completion,code,15,ok,,cuda,26.22,sort,0.5234375,0.24,7.25,0.7028719363884963,0.928804874420166,0.2971280813217163,3.7243960918790853,"[0.3110853135585785, 0.08957836776971817, 0.5993362069129944]",1.0,0.5626699372043478,0.6059522400662207,0.01428812276571989,"[0.4510699212551117, 0.31150031089782715, 0.23742979764938354]",0,0.05170143023133278,0.0,0.1269255131483078,0.42717432975769043,"[0.0, 0.03859313577413559, 0.019154468551278114, 0.019308647140860558, 0.00951516255736351, 0.0058607906103134155, 0.0013898288598284125, 0.008888647891581059, 0.007124634459614754, 0.0008638096624054015, 0.008349332958459854, 0.019546756520867348, 0.01731926016509533, 0.01428812276571989, 0.1269255131483078]","[0.030834130942821503, 0.016371870413422585, 0.015121718868613243, 0.01127178966999054, 0.014923840761184692, 0.013394161127507687, 0.012418796308338642, 0.009975094348192215, 0.009714142419397831, 0.010483302175998688, 0.009203060530126095, 0.010381422936916351, 0.009330451488494873, 0.008911116048693657, 0.01016295701265335, 0.011973889544606209, 0.011976893059909344, 0.010132404044270515, 0.009804742410779, 0.009040881879627705, 0.009678971953690052, 0.01813112013041973, 0.006730734836310148, 0.005810444708913565, 0.006377582438290119, 0.0049725784920156]",12383,11969,14,38119627,15,19,"{""0.95"": 5737, ""0.9"": 3988, ""0.8"": 2109, ""0.7"": 1154}"
p0131,code_completion,code,11,ok,,cuda,17.42,0,0.462890625,0.16,6.76,0.7339247623726867,0.9347129464149475,0.2660752534866333,3.529960796258407,"[0.2895474135875702, 0.1649041324853897, 0.5455484986305237]",1.0,0.4247598734561801,0.4719554149513112,0.015871042385697365,"[0.44915005564689636, 0.26243138313293457, 0.28841856122016907]",24,0.061945848166942596,0.0,0.11739971488714218,0.4412274956703186,"[0.0, 0.011153757572174072, 0.0249710064381361, 0.02434678003191948, 0.01656985841691494, 0.018952421844005585, 0.011478825472295284, 0.013445660471916199, 0.011886190623044968, 0.015871042385697365, 0.11739971488714218]","[0.021404385566711426, 0.014237338677048683, 0.01445707120001316, 0.012039580382406712, 0.012889524921774864, 0.01319730095565319, 0.011825785972177982, 0.009867163375020027, 0.009589570574462414, 0.007768846116960049, 0.00810825265944004, 0.00650057103484869, 0.010111704468727112, 0.007459381595253944, 0.010352644138038158, 0.0062413765117526054, 0.008283078670501709, 0.005000643897801638, 0.010071379132568836, 0.004723811522126198, 0.007041961885988712, 0.005799571517854929, 0.005288375541567802, 0.011105517856776714, 0.02220269665122032, 0.010507725179195404]",10316,10013,10,27485341,11,20,"{""0.95"": 5660, ""0.9"": 3911, ""0.8"": 2026, ""0.7"": 1093}"
p0132,code_completion,code,10,ok,,cuda,14.83,1,0.37890625,0.14,6.52,0.7641899900662887,0.9405667185783386,0.23580998182296753,3.3365627474708783,"[0.3016606569290161, 0.16304835677146912, 0.5352910161018372]",1.0,0.39104383572891144,0.4399243151950254,0.02098747156560421,"[0.5112316608428955, 0.25948482751846313, 0.22928355634212494]",0,0.0433536134660244,0.0,0.08828846365213394,0.3744051158428192,"[0.0, 0.028521982952952385, 0.014100510627031326, 0.028512101620435715, 0.010382583364844322, 0.006511176470667124, 0.021554671227931976, 0.016951020807027817, 0.02098747156560421, 0.08828846365213394]","[0.023807406425476074, 0.013665023259818554, 0.01426966767758131, 0.012288381345570087, 0.015250058844685555, 0.011719724163413048, 0.01198180764913559, 0.007874876260757446, 0.009696569293737411, 0.008772008121013641, 0.006128762848675251, 0.005335606634616852, 0.006178207695484161, 0.00649349857121706, 0.00683716032654047, 0.006049799732863903, 0.007155940867960453, 0.008238125592470169, 0.004662026185542345, 0.006051710806787014, 0.006482250057160854, 0.004669461399316788, 0.005527898203581572, 0.008767388761043549, 0.0036190447863191366, 0.014287571422755718]",9464,9184,9,23779125,10,19,"{""0.95"": 5261, ""0.9"": 3674, ""0.8"": 1968, ""0.7"": 1081}"
p0133,code_completion,code,17,ok,,cuda,39.99, a,0.8671875,0.42,8.87,0.7330791784311657,0.9309516549110413,0.2669200897216797,3.2531063006222936,"[0.34219124913215637, 0.2080012857913971, 0.44980740547180176]",1.0,0.3592417334581562,0.3831911823553666,0.023334676399827003,"[0.5404272675514221, 0.3041442930698395, 0.15542840957641602]",0,0.02960827201604843,0.0,0.05560099706053734,0.20830576121807098,"[0.0, 0.011855344288051128, 0.020155154168605804, 0.023146213963627815, 0.025745626538991928, 0.0028293875511735678, 0.007606007158756256, 0.007894203066825867, 0.004118725657463074, 0.014049496501684189, 0.018584521487355232, 0.010872780345380306, 0.00956046488136053, 0.01074444130063057, 0.02082207053899765, 0.023334676399827003, 0.05560099706053734]","[0.02166271209716797, 0.017886023968458176, 0.020106695592403412, 0.017188414931297302, 0.016630912199616432, 0.01687026023864746, 0.01469150185585022, 0.010093326680362225, 0.00912107340991497, 0.006380926817655563, 0.0077236248180270195, 0.010613705962896347, 0.010752808302640915, 0.010441258549690247, 0.009611247107386589, 0.008938913233578205, 0.007655882276594639, 0.009063859470188618, 0.007301492616534233, 0.004577205050736666, 0.005840819329023361, 0.0049280873499810696, 0.006559646688401699, 0.004027318675071001, 0.002191010396927595, 0.006061390973627567]",16661,16200,16,68408664,17,19,"{""0.95"": 8766, ""0.9"": 6055, ""0.8"": 3112, ""0.7"": 1632}"
p0134,code_completion,code,10,ok,,cuda,14.86,True,0.287109375,0.14,6.38,0.73532847972682,0.931600034236908,0.2646715044975281,3.308253153682763,"[0.250410258769989, 0.2027551531791687, 0.5468345284461975]",1.0,0.3905151263100462,0.43932951709880197,0.02339336648583412,"[0.414650559425354, 0.29451894760131836, 0.29083046317100525]",0,0.059071436524391174,0.0,0.09908908605575562,0.37438517808914185,"[0.0, 0.023139316588640213, 0.032422617077827454, 0.010714524425566196, 0.010238191112875938, 0.010882697068154812, 0.032542623579502106, 0.022249076515436172, 0.02339336648583412, 0.09908908605575562]","[0.018283087760210037, 0.01336251012980938, 0.014522291719913483, 0.012032872997224331, 0.011132527142763138, 0.010120482183992863, 0.011084000580012798, 0.009253965690732002, 0.009954456239938736, 0.008535400964319706, 0.009112995117902756, 0.00929252989590168, 0.008093171752989292, 0.007771480828523636, 0.007761886343359947, 0.011663887649774551, 0.009327976033091545, 0.00639144703745842, 0.011820499785244465, 0.006082601845264435, 0.01040082611143589, 0.013879667967557907, 0.009689402766525745, 0.005654580891132355, 0.008097357116639614, 0.011349599808454514]",9283,9003,9,22802072,10,19,"{""0.95"": 5208, ""0.9"": 3646, ""0.8"": 1904, ""0.7"": 1043}"
p0135,code_completion,code,8,ok,,cuda,10.44,exists,0.306640625,0.09,6.08,0.7013547064488777,0.925411581993103,0.2986452579498291,3.580152908232282,"[0.1660892814397812, 0.13193871080875397, 0.7019720077514648]",1.0,0.5160427735313456,0.6020499024532365,0.04285566881299019,"[0.3582006096839905, 0.24288347363471985, 0.3989158570766449]",23,0.09155954420566559,0.0,0.16678494215011597,0.5584717392921448,"[0.0, 0.009494172409176826, 0.02662966400384903, 0.013477942906320095, 0.02154350094497204, 0.01785937137901783, 0.04285566881299019, 0.16678494215011597]","[0.019674677401781082, 0.012873182073235512, 0.013926886022090912, 0.011170540004968643, 0.012604284100234509, 0.009994341060519218, 0.01108145248144865, 0.00763931218534708, 0.008010245859622955, 0.007699472829699516, 0.005911818239837885, 0.007448097225278616, 0.00760366627946496, 0.007887025363743305, 0.008377937600016594, 0.008047758601605892, 0.00922995712608099, 0.010330278426408768, 0.009041449055075645, 0.01853334717452526, 0.014691823162138462, 0.010091650299727917, 0.007264545187354088, 0.025931060314178467, 0.013338317163288593, 0.020242145285010338]",7624,7398,7,14899722,8,20,"{""0.95"": 4146, ""0.9"": 2866, ""0.8"": 1512, ""0.7"": 846}"
p0136,code_completion,code,10,ok,,cuda,12.98, ',0.60546875,0.1,6.22,0.7506432830520531,0.9374138712882996,0.24935674667358398,3.384159684426111,"[0.34212133288383484, 0.23582740128040314, 0.4220512807369232]",1.0,0.2731736326862808,0.30732033677206594,0.02072148583829403,"[0.44533976912498474, 0.33888721466064453, 0.21577297151088715]",0,0.037898749113082886,0.0,0.06598367542028427,0.26461556553840637,"[0.0, 0.021870901808142662, 0.02649575099349022, 0.03694361075758934, 0.016410157084465027, 0.012082895264029503, 0.030312100425362587, 0.018536172807216644, 0.02072148583829403, 0.06598367542028427]","[0.0218163151293993, 0.013184640556573868, 0.014413460157811642, 0.010465695522725582, 0.01290787011384964, 0.010276509448885918, 0.012798252515494823, 0.007890602573752403, 0.007295134477317333, 0.010211637243628502, 0.005718760658055544, 0.009306581690907478, 0.007454255595803261, 0.008714912459254265, 0.012786242179572582, 0.009303825907409191, 0.011968594044446945, 0.009039015509188175, 0.009762696921825409, 0.006143003702163696, 0.005649120546877384, 0.01218316238373518, 0.004376468248665333, 0.005396625027060509, 0.00432096142321825, 0.005972410552203655]",8280,8001,9,17849675,10,19,"{""0.95"": 4796, ""0.9"": 3423, ""0.8"": 1861, ""0.7"": 1040}"
p0139,code_completion,code,12,ok,,cuda,18.74, ,0.859375,0.17,6.92,0.7543931344625265,0.9378675818443298,0.24560685455799103,3.3321616662966216,"[0.2937830090522766, 0.24970506131649017, 0.45651182532310486]",1.0,0.37483099049135987,0.41231408954049587,0.010811933316290379,"[0.479617714881897, 0.28747957944869995, 0.23290272057056427]",0,0.038601137697696686,0.0,0.09031252562999725,0.36771172285079956,"[0.0, 0.023868748918175697, 0.020961638540029526, 0.01768820360302925, 0.009636536240577698, 0.019040053710341454, 0.016309469938278198, 0.010253600776195526, 0.015726154670119286, 0.01099798921495676, 0.010811933316290379, 0.09031252562999725]","[0.026902031153440475, 0.017846504226326942, 0.014332052320241928, 0.011644775047898293, 0.011208456940948963, 0.010526375845074654, 0.009965984150767326, 0.008018692955374718, 0.007352522574365139, 0.006904095411300659, 0.007003139704465866, 0.008710430935025215, 0.009572497569024563, 0.006822472438216209, 0.009327579289674759, 0.0077054668217897415, 0.008047588169574738, 0.006513684988021851, 0.011020003817975521, 0.0075813643634319305, 0.0040824622847139835, 0.005291086621582508, 0.006410976871848106, 0.004028917755931616, 0.011525791138410568, 0.00726190023124218]",10880,10554,11,31612833,12,19,"{""0.95"": 6231, ""0.9"": 4383, ""0.8"": 2325, ""0.7"": 1251}"
p0140,code_completion,code,5,ok,,cuda,5.01,split,0.34765625,0.03,5.65,0.7287712369884535,0.9360935091972351,0.27122873067855835,3.7306581527070994,"[0.19627290964126587, 0.25213712453842163, 0.5515900254249573]",1.0,0.3802866792581044,0.5070489056774725,0.06838683038949966,"[0.44332292675971985, 0.2781926989555359, 0.2784843444824219]",0,0.05830751359462738,0.0,0.14960706233978271,0.5515900254249573,"[0.0, 0.025697221979498863, 0.02753763273358345, 0.06838683038949966, 0.14960706233978271]","[0.023709848523139954, 0.015021138824522495, 0.015159981325268745, 0.015554232522845268, 0.014045588672161102, 0.011605779640376568, 0.01013786531984806, 0.00910923257470131, 0.005898249335587025, 0.007474097888916731, 0.008204858750104904, 0.007076084613800049, 0.009033073671162128, 0.008018527179956436, 0.011070958338677883, 0.010346302762627602, 0.007997999899089336, 0.006231958046555519, 0.008776528760790825, 0.00844891369342804, 0.007462919689714909, 0.009616761468350887, 0.009045043028891087, 0.013401619158685207, 0.009770325385034084, 0.009010844863951206]",4122,3977,4,4843591,5,20,"{""0.95"": 2382, ""0.9"": 1715, ""0.8"": 950, ""0.7"": 539}"
p0141,code_completion,code,5,ok,,cuda,4.94, ,0.5625,0.03,5.65,0.7158039042832794,0.9277377128601074,0.28419607877731323,3.3737318694634575,"[0.260024756193161, 0.20124268531799316, 0.5387325286865234]",1.0,0.34404957925753604,0.4587327723433814,0.057192374020814896,"[0.4402291476726532, 0.2731463611125946, 0.2866244316101074]",0,0.0642218217253685,0.0,0.15310566127300262,0.5387325286865234,"[0.0, 0.025750616565346718, 0.04814739152789116, 0.057192374020814896, 0.15310566127300262]","[0.022662252187728882, 0.015244248323142529, 0.01732197403907776, 0.01575682871043682, 0.013680985197424889, 0.011110056191682816, 0.011584204621613026, 0.007710258476436138, 0.010040601715445518, 0.007013249676674604, 0.004975832533091307, 0.009698070585727692, 0.007900755852460861, 0.009087670594453812, 0.013329402543604374, 0.00776519812643528, 0.009104983881115913, 0.008751954883337021, 0.007572082802653313, 0.00966363400220871, 0.017706815153360367, 0.010298962704837322, 0.00959677156060934, 0.014203553088009357, 0.007117727305740118, 0.0052979933097958565]",3991,3846,4,4555393,5,20,"{""0.95"": 2305, ""0.9"": 1649, ""0.8"": 905, ""0.7"": 520}"
p0142,code_completion,code,13,ok,,cuda,20.97,i,0.796875,0.19,6.91,0.7451370662880574,0.9373603463172913,0.25486257672309875,3.4662804182121953,"[0.36793816089630127, 0.17185714840888977, 0.4602046310901642]",1.0,0.45268520314700267,0.4938384034330939,0.019540730863809586,"[0.43036407232284546, 0.3136447072029114, 0.2559913098812103]",0,0.04682835936546326,0.0,0.08013300597667694,0.3144164979457855,"[0.0, 0.022925864905118942, 0.04345740005373955, 0.01519068330526352, 0.012199732474982738, 0.005883079953491688, 0.0036903098225593567, 0.01054240483790636, 0.023684164509177208, 0.00916693639010191, 0.008448280394077301, 0.019540730863809586, 0.08013300597667694]","[0.023682327941060066, 0.013812960125505924, 0.012977336533367634, 0.011348767206072807, 0.013315325602889061, 0.009480059146881104, 0.00980315636843443, 0.007723449729382992, 0.007540313992649317, 0.008064636960625648, 0.0069493502378463745, 0.007729162462055683, 0.009496424347162247, 0.010906876064836979, 0.009146515280008316, 0.00835285522043705, 0.008809574879705906, 0.010480900295078754, 0.010131783783435822, 0.008282450959086418, 0.0065436046570539474, 0.010015549138188362, 0.004657531622797251, 0.010976113379001617, 0.01027035340666771, 0.004365210421383381]",11279,10924,12,32975160,13,20,"{""0.95"": 5606, ""0.9"": 3785, ""0.8"": 1921, ""0.7"": 1020}"
p0143,code_completion,code,17,ok,,cuda,30.42,x,0.99609375,0.27,7.65,0.749206854805807,0.9387248158454895,0.25079280138015747,3.4824660414670796,"[0.3999130129814148, 0.16827328503131866, 0.43181365728378296]",1.0,0.49749814920773755,0.5306646924882534,0.017743298783898354,"[0.46326926350593567, 0.34386199712753296, 0.19286870956420898]",0,0.031709205359220505,0.0,0.059382546693086624,0.2367793172597885,"[0.0, 0.04225258156657219, 0.022227518260478973, 0.0219455286860466, 0.0039236037991940975, 0.005402952432632446, 0.004543125629425049, 0.0033605655189603567, 0.0038803585339337587, 0.002156609669327736, 0.005070790182799101, 0.02773340418934822, 0.011402798816561699, 0.010893682949244976, 0.00887342169880867, 0.017743298783898354, 0.059382546693086624]","[0.019286539405584335, 0.014721461571753025, 0.01516004279255867, 0.01319257915019989, 0.013151677325367928, 0.010552260093390942, 0.01221068948507309, 0.009595924988389015, 0.00831342488527298, 0.007771607488393784, 0.0078563978895545, 0.007705587428063154, 0.008090785704553127, 0.008890903554856777, 0.011353699490427971, 0.009620905853807926, 0.011433029547333717, 0.013515193946659565, 0.008254190906882286, 0.008406690321862698, 0.004817677196115255, 0.005807606503367424, 0.00963215809315443, 0.0018681958317756653, 0.005009033717215061, 0.004574532620608807]",13565,13105,16,43944305,17,20,"{""0.95"": 6218, ""0.9"": 4060, ""0.8"": 1941, ""0.7"": 978}"
p0144,code_completion,code,10,ok,,cuda,12.48,array,0.55859375,0.1,6.16,0.7267169952392578,0.9327877759933472,0.2732830047607422,3.532607273901006,"[0.1577475666999817, 0.21700119972229004, 0.6252511739730835]",1.0,0.48246877770144375,0.5427773749141243,0.020042741671204567,"[0.3810728192329407, 0.32026606798171997, 0.29866108298301697]",0,0.05441294610500336,0.0,0.13015729188919067,0.47627291083335876,"[0.0, 0.0093162152916193, 0.02541244402527809, 0.0083810705691576, 0.01354729849845171, 0.012208671309053898, 0.033546771854162216, 0.02067047730088234, 0.020042741671204567, 0.13015729188919067]","[0.02154545485973358, 0.012257364578545094, 0.01249032374471426, 0.008968014270067215, 0.012391157448291779, 0.00911643449217081, 0.010022719390690327, 0.009208560921251774, 0.008140692487359047, 0.006952928379178047, 0.00698991259559989, 0.008191460743546486, 0.007641896605491638, 0.008857941254973412, 0.009415287524461746, 0.012923886999487877, 0.012605072930455208, 0.01394488662481308, 0.014920213259756565, 0.01228583324700594, 0.009425186552107334, 0.012334352359175682, 0.008152388967573643, 0.009061811491847038, 0.008997786790132523, 0.006441416218876839]",8222,7944,9,17207740,10,20,"{""0.95"": 4112, ""0.9"": 2794, ""0.8"": 1420, ""0.7"": 764}"
p0145,code_completion,code,20,ok,,cuda,37.54, -,0.443359375,0.31,8.24,0.7468985339109153,0.9339589476585388,0.25310102105140686,3.210864007525186,"[0.35806673765182495, 0.2554444968700409, 0.38648879528045654]",1.0,0.3812220487967459,0.4024010515076763,0.00828387401998043,"[0.48606592416763306, 0.29803749918937683, 0.2158966064453125]",0,0.04032851755619049,0.0,0.060800254344940186,0.2402212917804718,"[0.0, 0.014082715846598148, 0.022057946771383286, 0.014398944564163685, 0.003707932773977518, 0.016068557277321815, 0.01277962513267994, 0.007531338836997747, 0.008441166020929813, 0.013027390465140343, 0.016988322138786316, 0.0033120079897344112, 0.015117698349058628, 0.007766680791974068, 0.011783311143517494, 0.006980178412050009, 0.00598915247246623, 0.003983934409916401, 0.00828387401998043, 0.060800254344940186]","[0.020933471620082855, 0.015565729700028896, 0.013645745813846588, 0.011873191222548485, 0.014135452918708324, 0.011456288397312164, 0.014007695019245148, 0.011646353639662266, 0.009759840555489063, 0.009816651232540607, 0.008099149912595749, 0.010357324965298176, 0.009093279018998146, 0.006953239440917969, 0.007967899553477764, 0.00920826755464077, 0.007275326177477837, 0.006662460975348949, 0.006587287411093712, 0.007727850694209337, 0.007025520782917738, 0.008985109627246857, 0.004952877759933472, 0.006461529992520809, 0.005887359846383333, 0.007016116753220558]",14556,14013,19,51845516,20,19,"{""0.95"": 7723, ""0.9"": 5351, ""0.8"": 2819, ""0.7"": 1506}"
p0146,code_completion,code,17,ok,,cuda,36.18,items,0.94140625,0.37,8.45,0.7010334484410803,0.9246730208396912,0.2989659011363983,3.5374170718443487,"[0.24810509383678436, 0.17330342531204224, 0.5785914659500122]",1.0,0.5228155487271047,0.557669918642245,0.009962441399693489,"[0.4361512064933777, 0.2189878523349762, 0.34486082196235657]",0,0.08551102876663208,0.0,0.12327204644680023,0.4123280644416809,"[0.0, 0.009104534983634949, 0.01424197107553482, 0.03106849640607834, 0.008378840051591396, 0.009431370534002781, 0.0019497581524774432, 0.005775431636720896, 0.01736581139266491, 0.007424834184348583, 0.013822115957736969, 0.007423626258969307, 0.007444857619702816, 0.00829088781028986, 0.024008896201848984, 0.009962441399693489, 0.12327204644680023]","[0.022960752248764038, 0.0203823521733284, 0.015220804139971733, 0.013855008408427238, 0.013477160595357418, 0.012080913409590721, 0.013453078456223011, 0.011080753058195114, 0.007883536629378796, 0.006723838392645121, 0.006528520956635475, 0.008704157546162605, 0.008370552211999893, 0.008804344572126865, 0.009931848384439945, 0.0054673077538609505, 0.004164321348071098, 0.006775014102458954, 0.004551207181066275, 0.013039405457675457, 0.012233809567987919, 0.012512970715761185, 0.009318411350250244, 0.014305423945188522, 0.016825104132294655, 0.02031530812382698]",15681,15220,16,59654571,17,19,"{""0.95"": 7735, ""0.9"": 5270, ""0.8"": 2700, ""0.7"": 1435}"
p0147,code_completion,code,16,ok,,cuda,30.86,name,0.482421875,0.3,8.12,0.6850391987737154,0.9194899797439575,0.31496018171310425,3.5089013220757974,"[0.35153400897979736, 0.08659462630748749, 0.561871349811554]",1.0,0.5773870448202576,0.6186289765931331,0.012850770726799965,"[0.35476574301719666, 0.29970818758010864, 0.3455260097980499]",0,0.07972066849470139,0.0,0.1374744027853012,0.43648186326026917,"[0.0, 0.019761905074119568, 0.04608583450317383, 0.02230939269065857, 0.008590531535446644, 0.013971543870866299, 0.005683977622538805, 0.0029180373530834913, 0.005995272658765316, 0.006061723455786705, 0.006614848505705595, 0.01320954691618681, 0.0058380127884447575, 0.007594364695250988, 0.012850770726799965, 0.1374744027853012]","[0.019999761134386063, 0.0124270711094141, 0.012761708348989487, 0.010579676367342472, 0.01120638009160757, 0.011343320831656456, 0.014111624099314213, 0.010833089239895344, 0.008474452421069145, 0.009286513552069664, 0.00801942404359579, 0.010345862247049809, 0.013572001829743385, 0.00782585609704256, 0.010691370815038681, 0.006993787828832865, 0.017471561208367348, 0.010189773514866829, 0.011458327993750572, 0.017647938802838326, 0.014447883702814579, 0.013048669323325157, 0.011010842397809029, 0.019646234810352325, 0.005461180582642555, 0.016105860471725464]",14300,13858,15,50955034,16,19,"{""0.95"": 6944, ""0.9"": 4711, ""0.8"": 2463, ""0.7"": 1338}"
p0148,code_completion,code,14,ok,,cuda,28.54,get,0.18359375,0.33,8.11,0.7596091600700183,0.9402293562889099,0.24039025604724884,3.455479008833587,"[0.346978098154068, 0.15052437782287598, 0.5024975538253784]",1.0,0.40095097309670474,0.4343635541880968,0.013352439738810062,"[0.49331575632095337, 0.28228428959846497, 0.22439998388290405]",0,0.04023485258221626,0.0,0.08139392733573914,0.3385908007621765,"[0.0, 0.012568761594593525, 0.014092500321567059, 0.0245115514844656, 0.011722399853169918, 0.02051493525505066, 0.008534830063581467, 0.01092375535517931, 0.004990770947188139, 0.011735235340893269, 0.0067662629298865795, 0.019282879307866096, 0.013352439738810062, 0.08139392733573914]","[0.024103092029690742, 0.0137574952095747, 0.014656956307590008, 0.012669785879552364, 0.011400256305932999, 0.011870181187987328, 0.011554600670933723, 0.009339293465018272, 0.009236637502908707, 0.008310223929584026, 0.008271150290966034, 0.006912197917699814, 0.008218323811888695, 0.007401821203529835, 0.006519949994981289, 0.008900345303118229, 0.007181883789598942, 0.006142488215118647, 0.00566276628524065, 0.008045949041843414, 0.006276061292737722, 0.008468889631330967, 0.008882628753781319, 0.003691173391416669, 0.003968336153775454, 0.00894776452332735]",14818,14430,13,55823680,14,19,"{""0.95"": 8005, ""0.9"": 5603, ""0.8"": 3003, ""0.7"": 1651}"
p0149,code_completion,code,17,ok,,cuda,38.8,readlines,0.640625,0.42,8.92,0.7084060164125376,0.9278802871704102,0.2915932536125183,3.5780466914459637,"[0.3022640645503998, 0.15389175713062286, 0.5438442230224609]",1.0,0.5327959784461426,0.5683157103425521,0.007185048423707485,"[0.4491311311721802, 0.25358736515045166, 0.2972815930843353]",0,0.06841843575239182,0.0,0.11542610824108124,0.39584627747535706,"[0.0, 0.012784273363649845, 0.046000886708498, 0.009099595248699188, 0.004914739169180393, 0.006312608253210783, 0.009026060812175274, 0.007612078450620174, 0.015611529350280762, 0.004313355777412653, 0.01187879592180252, 0.0054580396972596645, 0.006956420838832855, 0.016413399949669838, 0.012600322254002094, 0.007185048423707485, 0.11542610824108124]","[0.03353949636220932, 0.014107386581599712, 0.01732366345822811, 0.014783241786062717, 0.013770622201263905, 0.010052479803562164, 0.01277101505547762, 0.00740725127980113, 0.007208429742604494, 0.007634538225829601, 0.007697807624936104, 0.008317739702761173, 0.0064343479461967945, 0.007875146344304085, 0.006892428267747164, 0.00988797377794981, 0.009048270992934704, 0.010156111791729927, 0.0071665141731500626, 0.011100349947810173, 0.011785103939473629, 0.02039712481200695, 0.006730446591973305, 0.009671833366155624, 0.009745094925165176, 0.01008883398026228]",16795,16334,16,70055139,17,19,"{""0.95"": 8614, ""0.9"": 5850, ""0.8"": 2948, ""0.7"": 1524}"
p0150,code_completion,code,19,ok,,cuda,40.81, float,0.2734375,0.38,8.6,0.7540231970540211,0.9360648393630981,0.24597617983818054,3.234306851985264,"[0.3281334936618805, 0.2746299207210541, 0.3972366452217102]",1.0,0.32943799556489306,0.3488167011863574,0.009805579669773579,"[0.5075709223747253, 0.3069126307964325, 0.18551640212535858]",0,0.0334460623562336,0.0,0.05445421487092972,0.22138004004955292,"[0.0, 0.017723089084029198, 0.023273905739188194, 0.008046074770390987, 0.00848367065191269, 0.010694153606891632, 0.012492125853896141, 0.014848981983959675, 0.011251885443925858, 0.016532426699995995, 0.009639754891395569, 0.003730094525963068, 0.01154926884919405, 0.011061511933803558, 0.010607851669192314, 0.0058350227773189545, 0.005946570076048374, 0.009805579669773579, 0.05445421487092972]","[0.020875606685876846, 0.014088183641433716, 0.016790783032774925, 0.013334973715245724, 0.01444155815988779, 0.012875290587544441, 0.01326174195855856, 0.009433811530470848, 0.009748414158821106, 0.00963681098073721, 0.008416683413088322, 0.00956077128648758, 0.009633795358240604, 0.008662035688757896, 0.007577907759696245, 0.007755108177661896, 0.0076294997707009315, 0.006620586849749088, 0.00565140787512064, 0.006535150110721588, 0.009011967107653618, 0.005760109052062035, 0.005617466755211353, 0.004871136508882046, 0.00396016426384449, 0.004225218668580055]",16035,15512,18,63438360,19,19,"{""0.95"": 8904, ""0.9"": 6215, ""0.8"": 3251, ""0.7"": 1756}"
p0151,code_completion,code,15,ok,,cuda,25.93, n,0.8984375,0.24,7.36,0.7466120870940633,0.9370564818382263,0.2533879280090332,3.4302579172659384,"[0.2788110077381134, 0.4364206790924072, 0.2847682237625122]",1.0,0.3736383380544481,0.40237974867402104,0.008668032474815845,"[0.49377137422561646, 0.3078199326992035, 0.19840867817401886]",0,0.03287285938858986,0.0,0.051639530807733536,0.20379631221294403,"[0.0, 0.017094161361455917, 0.021072566509246826, 0.0028590187430381775, 0.01651570573449135, 0.013105900958180428, 0.026202237233519554, 0.03396425396203995, 0.007412064354866743, 0.018106304109096527, 0.024898884817957878, 0.005741951055824757, 0.006107325665652752, 0.008668032474815845, 0.051639530807733536]","[0.023829232901334763, 0.016168152913451195, 0.014595977030694485, 0.011302122846245766, 0.012029347941279411, 0.012036689557135105, 0.01272154413163662, 0.009971759282052517, 0.012460890226066113, 0.009930333122611046, 0.008459918200969696, 0.007675728760659695, 0.010107784532010555, 0.00992782972753048, 0.011704959906637669, 0.006953758653253317, 0.007788015529513359, 0.005449523217976093, 0.012056861072778702, 0.0053446427918970585, 0.0048535773530602455, 0.004762251861393452, 0.0029358388856053352, 0.014622794464230537, 0.0021604702342301607, 0.003537926357239485]",12723,12314,14,38323783,15,19,"{""0.95"": 6662, ""0.9"": 4619, ""0.8"": 2399, ""0.7"": 1274}"
p0152,code_completion,code,11,ok,,cuda,17.08, ,0.484375,0.17,6.72,0.7631261493734202,0.9405412673950195,0.2368737906217575,3.369813244950153,"[0.39036452770233154, 0.17208582162857056, 0.4375496506690979]",1.0,0.3392522249786932,0.3769469166429924,0.009649479761719704,"[0.5391709208488464, 0.2654309868812561, 0.19539813697338104]",0,0.034101203083992004,0.0,0.07570911198854446,0.3196179270744324,"[0.0, 0.022683365270495415, 0.024209609255194664, 0.018946757540106773, 0.026627402752637863, 0.008162821643054485, 0.011842872016131878, 0.020756928250193596, 0.01828545704483986, 0.009649479761719704, 0.07570911198854446]","[0.025589577853679657, 0.019248219206929207, 0.01574908196926117, 0.013035009615123272, 0.013940670527517796, 0.010643154382705688, 0.011694212444126606, 0.009683696553111076, 0.008131825365126133, 0.008283602073788643, 0.006426768843084574, 0.00737921055406332, 0.006054840981960297, 0.005131348967552185, 0.008743949234485626, 0.005650725215673447, 0.007461640052497387, 0.00774155929684639, 0.005495179444551468, 0.006688316352665424, 0.0027196411974728107, 0.005323196295648813, 0.007750599645078182, 0.005777223035693169, 0.006852290127426386, 0.005678251385688782]",10619,10312,10,29241276,11,19,"{""0.95"": 6032, ""0.9"": 4251, ""0.8"": 2251, ""0.7"": 1214}"
p0153,code_completion,code,15,ok,,cuda,26.94,v,0.984375,0.27,7.58,0.7637342605920042,0.9414718151092529,0.23626545071601868,3.387203041470826,"[0.3815329372882843, 0.19350291788578033, 0.42496415972709656]",1.0,0.3686303585721326,0.3969865400007582,0.014162805862724781,"[0.5008595585823059, 0.28523126244544983, 0.21390914916992188]",0,0.041160088032484055,0.0,0.06579764187335968,0.2784903347492218,"[0.0, 0.010133985430002213, 0.01602785661816597, 0.02340974472463131, 0.012571334838867188, 0.028000127524137497, 0.009377533569931984, 0.013027047738432884, 0.011122042313218117, 0.006298988591879606, 0.005892445333302021, 0.009172740392386913, 0.011271161027252674, 0.014162805862724781, 0.06579764187335968]","[0.022585177794098854, 0.01335619855672121, 0.015157804824411869, 0.013525813817977905, 0.013633180409669876, 0.01165260374546051, 0.010519875213503838, 0.008560316637158394, 0.009344849735498428, 0.006718904245644808, 0.007125707343220711, 0.009083995595574379, 0.0061463164165616035, 0.005402275361120701, 0.0073066530749201775, 0.009495618753135204, 0.008964580483734608, 0.007146239746361971, 0.0038916938938200474, 0.0054875584319233894, 0.009020423516631126, 0.005264421924948692, 0.007396697998046875, 0.006244029849767685, 0.008775871247053146, 0.0044586434960365295]",13358,12952,14,44778360,15,19,"{""0.95"": 7215, ""0.9"": 4994, ""0.8"": 2559, ""0.7"": 1357}"
p0155,induction,bigram_ab,14,ok,,cuda,40.38, tril,0.470703125,0.61,10.55,0.740491248950623,0.9316995739936829,0.25950875878334045,3.1872141811850865,"[0.4277901351451874, 0.22242698073387146, 0.3497828245162964]",1.0,0.35960865436971357,0.38957604223385633,0.008667869493365288,"[0.5906399488449097, 0.19895893335342407, 0.21040114760398865]",1,0.04340486228466034,0.0,0.06110947206616402,0.2354813516139984,"[0.0, 0.008617453277111053, 0.0283303651958704, 0.022224469110369682, 0.031153716146945953, 0.020689284428954124, 0.00788777507841587, 0.010314572602510452, 0.015181529335677624, 0.024337872862815857, 0.015730125829577446, 0.005264235660433769, 0.008667869493365288, 0.06110947206616402]","[0.029178470373153687, 0.03089813143014908, 0.028047148138284683, 0.021784160286188126, 0.012149759568274021, 0.008632768876850605, 0.007966731674969196, 0.00835347454994917, 0.006265582516789436, 0.004894063342362642, 0.00478532537817955, 0.004799801856279373, 0.00454308744519949, 0.00534047232940793, 0.006569448858499527, 0.008559788577258587, 0.007532826624810696, 0.004606768023222685, 0.005112429149448872, 0.006083647254854441, 0.006300504319369793, 0.004397394135594368, 0.005892028566449881, 0.014299459755420685, 0.005415427032858133, 0.007100048940628767]",20177,19789,13,98418413,14,19,"{""0.95"": 12305, ""0.9"": 8976, ""0.8"": 4891, ""0.7"": 2576}"
p0156,induction,bigram_ba,14,ok,,cuda,38.72, b,0.890625,0.58,10.38,0.758742542116945,0.9395872354507446,0.2412574291229248,3.365436114815889,"[0.3658992052078247, 0.26184725761413574, 0.3722535967826843]",1.0,0.21783404039330037,0.23598687709274205,0.011059105396270752,"[0.6169323325157166, 0.21652361750602722, 0.1665440797805786]",0,0.03209337219595909,0.0,0.047031912952661514,0.19494494795799255,"[0.0, 0.011123375035822392, 0.015061927028000355, 0.021161997690796852, 0.01766182668507099, 0.023266766220331192, 0.02067333646118641, 0.014751698821783066, 0.015035804361104965, 0.012711755931377411, 0.0182515736669302, 0.013466344214975834, 0.011059105396270752, 0.047031912952661514]","[0.03042050264775753, 0.02789083682000637, 0.028715359047055244, 0.020608048886060715, 0.01340190414339304, 0.007958258502185345, 0.0077588786371052265, 0.0062955948524177074, 0.00579012231901288, 0.003566247411072254, 0.0035366336815059185, 0.008171617053449154, 0.005355569534003735, 0.005070109851658344, 0.007053664419800043, 0.006791200954467058, 0.008002230897545815, 0.004690660163760185, 0.005186598282307386, 0.002900024875998497, 0.005256344564259052, 0.003674155566841364, 0.006385692860931158, 0.0021655915770679712, 0.004938249010592699, 0.009673339314758778]",19855,19474,13,94258958,14,19,"{""0.95"": 11883, ""0.9"": 8503, ""0.8"": 4475, ""0.7"": 2278}"
p0157,induction,bigram_ab,11,ok,,cuda,24.88, w,0.90625,0.37,8.45,0.7367927337035385,0.9317513704299927,0.2632067799568176,3.241264294291462,"[0.44936731457710266, 0.21537932753562927, 0.3352532982826233]",1.0,0.25598918626577033,0.28443242918418926,0.01226020883768797,"[0.5834787487983704, 0.19774185121059418, 0.2187792807817459]",0,0.03737792372703552,0.0,0.05697460472583771,0.21646323800086975,"[0.0, 0.01922944188117981, 0.03632456809282303, 0.023186372593045235, 0.03953615948557854, 0.015613802708685398, 0.022389722988009453, 0.018685782328248024, 0.019006142392754555, 0.01226020883768797, 0.05697460472583771]","[0.03951844200491905, 0.02526104636490345, 0.02938566543161869, 0.018463842570781708, 0.012144497595727444, 0.009395621716976166, 0.007840621285140514, 0.007020596414804459, 0.004545259289443493, 0.0050111995078623295, 0.004353621043264866, 0.005967041477560997, 0.004305163864046335, 0.0071825673803687096, 0.00933752954006195, 0.0053951321169734, 0.0043606325052678585, 0.006134113762527704, 0.013438306748867035, 0.006767967715859413, 0.00668973196297884, 0.004646724089980125, 0.007391110993921757, 0.0074881380423903465, 0.0018466496840119362, 0.009315567091107368]",15682,15378,10,60864488,11,19,"{""0.95"": 9718, ""0.9"": 7109, ""0.8"": 3953, ""0.7"": 2113}"
p0158,induction,bigram_ba,11,ok,,cuda,24.93, zan,0.91796875,0.36,8.4,0.7550004454708312,0.9333826303482056,0.2449992150068283,3.0210317504101707,"[0.44027474522590637, 0.2390468865633011, 0.32067832350730896]",1.0,0.36623721990637986,0.4069302443404221,0.006802434101700783,"[0.5991351008415222, 0.20836028456687927, 0.1925046145915985]",0,0.032951388508081436,0.0,0.05697865039110184,0.23256665468215942,"[0.0, 0.007449763361364603, 0.03368566930294037, 0.046147558838129044, 0.020583976060152054, 0.007680164650082588, 0.02146979048848152, 0.029416346922516823, 0.0147848604246974, 0.006802434101700783, 0.05697865039110184]","[0.03083733096718788, 0.026860084384679794, 0.02359464205801487, 0.019194846972823143, 0.015263525769114494, 0.009620115160942078, 0.0070144254714250565, 0.007853181101381779, 0.006549477111548185, 0.004270030185580254, 0.0033095646649599075, 0.0042226482182741165, 0.006106396205723286, 0.007225565612316132, 0.006719180382788181, 0.007213616743683815, 0.00495021790266037, 0.007030886597931385, 0.007485080510377884, 0.006727010011672974, 0.006794462911784649, 0.006576837971806526, 0.004925116430968046, 0.007054002955555916, 0.000838796840980649, 0.006762172095477581]",15546,15244,10,59750742,11,19,"{""0.95"": 9470, ""0.9"": 6908, ""0.8"": 3793, ""0.7"": 2004}"
p0159,induction,bigram_ab,13,ok,,cuda,40.14, che,0.93359375,0.65,10.87,0.7386735677719116,0.930443286895752,0.2613264322280884,3.176109731969173,"[0.3217294216156006, 0.2277984768152237, 0.4504721462726593]",1.0,0.34079655454128716,0.371778059499586,0.008904917165637016,"[0.5102077126502991, 0.19963106513023376, 0.2901613116264343]",25,0.0681922435760498,0.0,0.08290677517652512,0.3172536790370941,"[0.0, 0.01426432840526104, 0.02647128701210022, 0.02342289872467518, 0.01991787552833557, 0.018482772633433342, 0.012083461508154869, 0.015432110987603664, 0.01353141013532877, 0.0124149015173316, 0.013493677601218224, 0.008904917165637016, 0.08290677517652512]","[0.025349313393235207, 0.029155632480978966, 0.027260133996605873, 0.014797186478972435, 0.010571426711976528, 0.00628736661747098, 0.0063646226190030575, 0.006392821669578552, 0.007152238395065069, 0.005031658336520195, 0.0037884206976741552, 0.00482295174151659, 0.004269295837730169, 0.003929859027266502, 0.0111343152821064, 0.008201619610190392, 0.005227128509432077, 0.005763620138168335, 0.005030900239944458, 0.0026036612689495087, 0.004173307679593563, 0.008203752338886261, 0.003403564915060997, 0.002699874574318528, 0.0034617965575307608, 0.04624994844198227]",20786,20431,12,104444991,13,19,"{""0.95"": 12586, ""0.9"": 9149, ""0.8"": 5020, ""0.7"": 2668}"
p0160,induction,bigram_ba,13,ok,,cuda,39.38, fru,0.88671875,0.63,10.7,0.7625959487703404,0.9364171028137207,0.23740403354167938,3.0764791544332786,"[0.46845608949661255, 0.2638266384601593, 0.26771727204322815]",0.18181818181818182,0.3310883140433803,0.3611872516836876,0.006333007477223873,"[0.6256585717201233, 0.21005654335021973, 0.16428492963314056]",1,0.026710806414484978,0.0,0.03829928860068321,0.1613253504037857,"[0.0, 0.01740758866071701, 0.02477146126329899, 0.043877340853214264, 0.02515697292983532, 0.01134243793785572, 0.009139434434473515, 0.014488058164715767, 0.027663573622703552, 0.01313388254493475, 0.00579098192974925, 0.006333007477223873, 0.03829928860068321]","[0.027435293421149254, 0.027661513537168503, 0.027231471613049507, 0.023842092603445053, 0.014012507162988186, 0.010506679303944111, 0.007249085698276758, 0.00560068991035223, 0.004994531627744436, 0.004297909326851368, 0.0036220811307430267, 0.004312649369239807, 0.004745750222355127, 0.004873619880527258, 0.008916327729821205, 0.007683606818318367, 0.00681021623313427, 0.004606108646839857, 0.0072250766679644585, 0.005066020414233208, 0.004867954645305872, 0.006031587719917297, 0.0022534935269504786, 0.006605091504752636, 0.003971181809902191, 0.002981496276333928]",20462,20101,12,104707462,13,19,"{""0.95"": 12085, ""0.9"": 8800, ""0.8"": 4932, ""0.7"": 2711}"
p0161,induction,bigram_ab,11,ok,,cuda,30.07, plas,0.94921875,0.47,9.37,0.7429837874154791,0.9298648834228516,0.2570161819458008,3.0327503865912857,"[0.4725314974784851, 0.24967950582504272, 0.2777889370918274]",0.2222222222222222,0.30246884068080054,0.33607648964533393,0.010291052982211113,"[0.5866574048995972, 0.22209326922893524, 0.19124923646450043]",0,0.03643455728888512,0.0,0.04865065589547157,0.18929022550582886,"[0.0, 0.015432159416377544, 0.02798367664217949, 0.05500023066997528, 0.023032186552882195, 0.011708023957908154, 0.024647509679198265, 0.027816148474812508, 0.012454555369913578, 0.010291052982211113, 0.04865065589547157]","[0.03374003618955612, 0.02609933726489544, 0.023361533880233765, 0.02474069781601429, 0.011946010403335094, 0.009800477884709835, 0.0067475722171366215, 0.008212094195187092, 0.006132711190730333, 0.005214858800172806, 0.0057729268446564674, 0.005456956103444099, 0.0033334747422486544, 0.004845696501433849, 0.010988098569214344, 0.008371698670089245, 0.003566809231415391, 0.009531047195196152, 0.0066312821581959724, 0.006088316440582275, 0.0053946757689118385, 0.005095912143588066, 0.009125563316047192, 0.006320503074675798, 0.004489962011575699, 0.006007940508425236]",17794,17496,10,79424008,11,19,"{""0.95"": 11004, ""0.9"": 8163, ""0.8"": 4703, ""0.7"": 2625}"
p0164,induction,bigram_ba,11,ok,,cuda,27.66, dri,0.8828125,0.42,8.91,0.7477524610878542,0.9338951706886292,0.25224706530570984,3.1778309472025943,"[0.48985493183135986, 0.2583583891391754, 0.25178658962249756]",0.2222222222222222,0.24749650972423204,0.2749961219158134,0.009722232818603516,"[0.6289479732513428, 0.2173198014497757, 0.1537322700023651]",1,0.02415783703327179,0.0,0.03895653784275055,0.15443803369998932,"[0.0, 0.01958295702934265, 0.02737504057586193, 0.042953457683324814, 0.03365302085876465, 0.01388077437877655, 0.017677612602710724, 0.03361176699399948, 0.014833666384220123, 0.009722232818603516, 0.03895653784275055]","[0.03248478099703789, 0.03309224918484688, 0.028075063601136208, 0.02069859579205513, 0.011646885424852371, 0.007306825369596481, 0.010894250124692917, 0.007498830556869507, 0.006952785886824131, 0.004114273004233837, 0.0037987600080668926, 0.0034718122333288193, 0.005526786204427481, 0.005836194846779108, 0.00966816395521164, 0.009105703793466091, 0.00790140125900507, 0.005395186133682728, 0.009536698460578918, 0.005083979573100805, 0.004299376625567675, 0.006660653743892908, 0.00417749211192131, 0.003935802262276411, 0.003230708185583353, 0.001853804336860776]",16758,16451,10,71639587,11,19,"{""0.95"": 10663, ""0.9"": 7946, ""0.8"": 4582, ""0.7"": 2564}"
p0165,induction,bigram_ab,16,ok,,cuda,51.01, yol,0.953125,0.82,12.32,0.7616005653381432,0.9358140826225281,0.2383994311094284,3.0508880011655264,"[0.3587414026260376, 0.2980676591396332, 0.3431909382343292]",1.0,0.34229680931478296,0.366746581408696,0.010495686903595924,"[0.6204390525817871, 0.22059693932533264, 0.15896402299404144]",0,0.027022460475564003,0.0,0.043654073029756546,0.18311315774917603,"[0.0, 0.004594075493514538, 0.016078932210803032, 0.018796849995851517, 0.030232412740588188, 0.015821481123566628, 0.01155405305325985, 0.005512029863893986, 0.01147058978676796, 0.012428703717887402, 0.030093783512711525, 0.007629123982042074, 0.013572308234870434, 0.006465327925980091, 0.010495686903595924, 0.043654073029756546]","[0.03284798562526703, 0.02262204885482788, 0.025669720023870468, 0.02212461270391941, 0.013904929161071777, 0.006069418508559465, 0.010495863854885101, 0.007292378693819046, 0.006885361857712269, 0.003643414471298456, 0.0036145304329693317, 0.004479575902223587, 0.00518657173961401, 0.0036306686233729124, 0.007506770547479391, 0.012012071907520294, 0.0062942542135715485, 0.006222326308488846, 0.0056196656078100204, 0.005254803691059351, 0.004909959156066179, 0.0038975756615400314, 0.0036711173597723246, 0.004231799393892288, 0.0042148735374212265, 0.006097135599702597]",23309,22876,15,127479070,16,19,"{""0.95"": 13763, ""0.9"": 9930, ""0.8"": 5395, ""0.7"": 2827}"
p0166,induction,bigram_ba,17,ok,,cuda,53.91, s,0.81640625,0.83,12.51,0.7629707314354617,0.9398163557052612,0.23702925443649292,3.300303319620432,"[0.3833497166633606, 0.24816107749938965, 0.36848926544189453]",1.0,0.26873706110026396,0.2866528651736149,0.008437839336693287,"[0.6121041178703308, 0.22187231481075287, 0.16602355241775513]",0,0.0309747364372015,0.0,0.04527641832828522,0.19101616740226746,"[0.0, 0.007586624473333359, 0.015631506219506264, 0.018600795418024063, 0.011794468387961388, 0.016063641756772995, 0.021188046783208847, 0.015543809160590172, 0.010348353534936905, 0.00969756580889225, 0.010082620196044445, 0.0131490807980299, 0.010026840493083, 0.016907457262277603, 0.006694176234304905, 0.008437839336693287, 0.04527641832828522]","[0.03503841906785965, 0.028725484386086464, 0.02390095219016075, 0.016690989956259727, 0.013282612897455692, 0.008741162717342377, 0.007775153033435345, 0.004896573256701231, 0.006035243161022663, 0.004417039919644594, 0.003917316906154156, 0.005157347768545151, 0.005569434724748135, 0.007633260451257229, 0.010448230430483818, 0.006130544003099203, 0.004531837068498135, 0.004785218276083469, 0.003675644751638174, 0.0047020576894283295, 0.0035183050204068422, 0.004617226310074329, 0.00782256480306387, 0.008792820386588573, 0.0019001292530447245, 0.004323689267039299]",23611,23142,16,131405467,17,19,"{""0.95"": 14142, ""0.9"": 10201, ""0.8"": 5438, ""0.7"": 2757}"
p0168,induction,bigram_ba,16,ok,,cuda,49.15, gre,0.9453125,0.76,11.97,0.7444134506932825,0.9325620532035828,0.25558656454086304,3.173187397848961,"[0.39318618178367615, 0.2798015773296356, 0.32701224088668823]",1.0,0.3673623220240494,0.3936024878829101,0.00599904078990221,"[0.5700032711029053, 0.23106913268566132, 0.19892756640911102]",1,0.03937701880931854,0.0,0.04958430677652359,0.19400203227996826,"[0.0, 0.005852019414305687, 0.020160650834441185, 0.015680834650993347, 0.03957028314471245, 0.019229307770729065, 0.017117220908403397, 0.006812833249568939, 0.009827811270952225, 0.012936760671436787, 0.024818891659379005, 0.007088568992912769, 0.013964257203042507, 0.00694374879822135, 0.00599904078990221, 0.04958430677652359]","[0.026265207678079605, 0.027217067778110504, 0.02706971764564514, 0.022688228636980057, 0.014097700826823711, 0.006985376123338938, 0.009092917665839195, 0.0054785506799817085, 0.0067904070019721985, 0.005393186584115028, 0.004770703613758087, 0.006011021323502064, 0.004361843224614859, 0.00353330560028553, 0.010380711406469345, 0.006604208145290613, 0.010511204600334167, 0.007491976022720337, 0.006665599532425404, 0.00480059627443552, 0.008034237660467625, 0.0064162444323301315, 0.006164465565234423, 0.008194015361368656, 0.007972413673996925, 0.0025956390891224146]",22719,22285,15,123623500,16,19,"{""0.95"": 13404, ""0.9"": 9646, ""0.8"": 5181, ""0.7"": 2706}"
p0169,induction,bigram_ab,13,ok,,cuda,33.29, tes,0.70703125,0.48,9.53,0.7397692203521729,0.9299309253692627,0.26023077964782715,3.084546884934385,"[0.47628235816955566, 0.26307210326194763, 0.2606455087661743]",0.18181818181818182,0.31291244646302263,0.3413590325051156,0.006216750014573336,"[0.6306605935096741, 0.22145961225032806, 0.14787976443767548]",3,0.02847866900265217,0.0,0.03930835425853729,0.15105190873146057,"[0.0, 0.019146449863910675, 0.03257710114121437, 0.0456073135137558, 0.026612458750605583, 0.014386164024472237, 0.010742070153355598, 0.01660689152777195, 0.026724331080913544, 0.015649154782295227, 0.006653728429228067, 0.006216750014573336, 0.03930835425853729]","[0.027118153870105743, 0.029140125960111618, 0.029143495485186577, 0.03556522727012634, 0.014230603352189064, 0.009132969193160534, 0.0073307412676513195, 0.0060867383144795895, 0.006369245704263449, 0.006481671705842018, 0.004977703560143709, 0.003485660534352064, 0.00661909393966198, 0.0049759503453969955, 0.008289473131299019, 0.008123934268951416, 0.005570693407207727, 0.009106425568461418, 0.005085974931716919, 0.004918226040899754, 0.0066401902586221695, 0.006136476062238216, 0.005748657509684563, 0.004314819350838661, 0.0010740079451352358, 0.004564516246318817]",18129,17768,12,83047284,13,18,"{""0.95"": 11073, ""0.9"": 8060, ""0.8"": 4441, ""0.7"": 2387}"
p0170,induction,bigram_ba,13,ok,,cuda,35.32, ph,0.94921875,0.52,10.06,0.7352840023894307,0.931550145149231,0.2647160291671753,3.257145723452668,"[0.3677711486816406, 0.29132938385009766, 0.34089940786361694]",1.0,0.2532597456957926,0.2762833589408647,0.010887211188673973,"[0.6325194835662842, 0.21378569304943085, 0.15369485318660736]",2,0.02853388525545597,0.0,0.04992826655507088,0.18861064314842224,"[0.0, 0.014031652361154556, 0.0317828394472599, 0.02811027504503727, 0.02343015931546688, 0.029524140059947968, 0.013050451874732971, 0.016547253355383873, 0.01799772121012211, 0.013516219332814217, 0.01590985804796219, 0.010887211188673973, 0.04992826655507088]","[0.031516142189502716, 0.03094613179564476, 0.03163105249404907, 0.028617683798074722, 0.012802557088434696, 0.009389636106789112, 0.009545459412038326, 0.0066534667275846004, 0.006335919722914696, 0.005065117496997118, 0.005048155318945646, 0.004561315290629864, 0.007821918465197086, 0.005080200731754303, 0.006006581708788872, 0.005829152185469866, 0.005672799423336983, 0.011507261544466019, 0.007552378345280886, 0.0045992229133844376, 0.00490320660173893, 0.0060661556199193, 0.007130911108106375, 0.003439071122556925, 0.0032163625583052635, 0.0037781805731356144]",18824,18472,12,87749621,13,19,"{""0.95"": 11466, ""0.9"": 8344, ""0.8"": 4577, ""0.7"": 2420}"
p0171,induction,bigram_ab,13,ok,,cuda,34.51, k,0.9296875,0.5,9.64,0.7578788286763605,0.9403181672096252,0.24212117493152618,3.4184313271407185,"[0.36409538984298706, 0.2886050343513489, 0.34729957580566406]",1.0,0.23142848427754556,0.25246743739368604,0.010402068495750427,"[0.6087104678153992, 0.24917984008789062, 0.1421096920967102]",0,0.02510889247059822,0.0,0.044089216738939285,0.18209566175937653,"[0.0, 0.012272808700799942, 0.030220631510019302, 0.017531268298625946, 0.028130492195487022, 0.016215935349464417, 0.014637562446296215, 0.021208271384239197, 0.017815623432397842, 0.01385537814348936, 0.015741916373372078, 0.010402068495750427, 0.044089216738939285]","[0.030084840953350067, 0.026302259415388107, 0.02903166227042675, 0.01950293406844139, 0.013768506236374378, 0.008956225588917732, 0.007586970459669828, 0.006459723226726055, 0.005688571371138096, 0.006201071199029684, 0.005076538305729628, 0.005028073210269213, 0.008422166109085083, 0.007611955516040325, 0.007379679474979639, 0.005825980566442013, 0.005437393672764301, 0.009348863735795021, 0.004344577435404062, 0.004954296164214611, 0.0054939789697527885, 0.005504170432686806, 0.0062967403791844845, 0.0035966108553111553, 0.0008749031694605947, 0.0033424883149564266]",18363,18009,12,82448056,13,19,"{""0.95"": 11174, ""0.9"": 8117, ""0.8"": 4422, ""0.7"": 2328}"
p0172,induction,bigram_ba,14,ok,,cuda,39.12, mor,0.9453125,0.57,10.21,0.7432118042020331,0.9322320818901062,0.25678813457489014,3.160457075970978,"[0.4281837046146393, 0.25190994143486023, 0.31990647315979004]",1.0,0.33300965099013974,0.36076045523931805,0.009214971214532852,"[0.5808397531509399, 0.25683078169822693, 0.16232934594154358]",0,0.030035624280571938,0.0,0.049145445227622986,0.1913852095603943,"[0.0, 0.00703129917383194, 0.020790763199329376, 0.02377169206738472, 0.02837931364774704, 0.0299794040620327, 0.007847038097679615, 0.013813593424856663, 0.012637472711503506, 0.030389368534088135, 0.018604910001158714, 0.005182852502912283, 0.009214971214532852, 0.049145445227622986]","[0.02936752513051033, 0.026805149391293526, 0.026993608102202415, 0.0203999076038599, 0.01821289397776127, 0.008237053640186787, 0.00817569438368082, 0.0063107251189649105, 0.004650210030376911, 0.006925115827471018, 0.005595098249614239, 0.006542024668306112, 0.004834949504584074, 0.0063271289691329, 0.00881312508136034, 0.00973126944154501, 0.009480619803071022, 0.007701764348894358, 0.007916617207229137, 0.0037320100236684084, 0.004393652081489563, 0.005963922943919897, 0.006365357432514429, 0.004496394656598568, 0.008387511596083641, 0.00042878504609689116]",19517,19137,13,91029738,14,19,"{""0.95"": 11294, ""0.9"": 8097, ""0.8"": 4361, ""0.7"": 2289}"
p0173,induction,bigram_ab,14,ok,,cuda,40.08, brim,0.94140625,0.6,10.46,0.7352312049407486,0.9282016754150391,0.2647687792778015,3.055118836196365,"[0.4410805404186249, 0.2640187740325928, 0.2949005663394928]",1.0,0.360362250461403,0.3903924379998533,0.008104609325528145,"[0.5892041325569153, 0.24554117023944855, 0.16525478661060333]",2,0.028827767819166183,0.0,0.047523532062768936,0.17949071526527405,"[0.0, 0.008961335755884647, 0.023686056956648827, 0.017879771068692207, 0.04489773139357567, 0.021359466016292572, 0.007818535901606083, 0.009601570665836334, 0.014128834009170532, 0.038354989141225815, 0.015319445170462132, 0.007132877130061388, 0.008104609325528145, 0.047523532062768936]","[0.028620418161153793, 0.02539183758199215, 0.029236985370516777, 0.022657351568341255, 0.014276883564889431, 0.009260127320885658, 0.00935547985136509, 0.008733196184039116, 0.008470543660223484, 0.006902655120939016, 0.0037687073927372694, 0.003948260098695755, 0.0036073343362659216, 0.004832149483263493, 0.015519469045102596, 0.011402565985918045, 0.007091567851603031, 0.007938923314213753, 0.007041163742542267, 0.007885369472205639, 0.004392154980450869, 0.005332017317414284, 0.004399577621370554, 0.005202540196478367, 0.0016317239496856928, 0.007869756780564785]",20003,19623,13,98691738,14,19,"{""0.95"": 11923, ""0.9"": 8612, ""0.8"": 4674, ""0.7"": 2432}"
p0174,induction,bigram_ba,14,ok,,cuda,39.73, z,0.91015625,0.6,10.42,0.7394239591865491,0.9351475834846497,0.2605760097503662,3.418097384476172,"[0.4133165776729584, 0.23116177320480347, 0.35552161931991577]",1.0,0.28311513944081734,0.30670806772755216,0.009850400499999523,"[0.5571475028991699, 0.2158006727695465, 0.22705185413360596]",0,0.038497649133205414,0.0,0.05799129605293274,0.2225503772497177,"[0.0, 0.011398887261748314, 0.017530858516693115, 0.02846435271203518, 0.022857487201690674, 0.027448808774352074, 0.013952216133475304, 0.013534757308661938, 0.01797042042016983, 0.014777827076613903, 0.011244146153330803, 0.013554571196436882, 0.009850400499999523, 0.05799129605293274]","[0.031208224594593048, 0.02374592237174511, 0.02782081626355648, 0.021068129688501358, 0.01016482338309288, 0.008871853351593018, 0.00858296174556017, 0.005488694179803133, 0.00822785496711731, 0.006030281074345112, 0.0063572777435183525, 0.006148613058030605, 0.005659214220941067, 0.006111317779868841, 0.007518955040723085, 0.008989295922219753, 0.004828185774385929, 0.0045893387869000435, 0.011914335191249847, 0.008752284571528435, 0.004084436222910881, 0.005503085441887379, 0.004945981316268444, 0.007875973358750343, 0.006560594774782658, 0.009527578018605709]",19933,19548,13,96980789,14,19,"{""0.95"": 12165, ""0.9"": 8845, ""0.8"": 4814, ""0.7"": 2509}"
p0175,induction,bigram_ab,14,ok,,cuda,40.19, rus,0.890625,0.61,10.83,0.7343846242886334,0.929821789264679,0.2656153440475464,3.187067788701847,"[0.4612906873226166, 0.2399386763572693, 0.29877063632011414]",1.0,0.33893361787564175,0.3671780860319452,0.007340086158365011,"[0.5874733924865723, 0.22772522270679474, 0.18480134010314941]",0,0.03729382902383804,0.0,0.04810236021876335,0.1810978204011917,"[0.0, 0.008912189863622189, 0.021543806418776512, 0.018681857734918594, 0.039904527366161346, 0.033483508974313736, 0.009625151753425598, 0.011685902252793312, 0.014191923663020134, 0.02822841703891754, 0.016469959169626236, 0.007445657160133123, 0.007340086158365011, 0.04810236021876335]","[0.028780825436115265, 0.02847166359424591, 0.02662809193134308, 0.025918712839484215, 0.017833326011896133, 0.007909206673502922, 0.006960688158869743, 0.006801816634833813, 0.006737617775797844, 0.006877555977553129, 0.004275606945157051, 0.006080863066017628, 0.0038689500652253628, 0.007623695302754641, 0.012273561209440231, 0.007705238647758961, 0.005523340776562691, 0.006258503533899784, 0.0070954011753201485, 0.004696842283010483, 0.00662235589697957, 0.007996234111487865, 0.006758210714906454, 0.0021432344801723957, 0.005573483649641275, 0.008200311101973057]",20308,19920,13,101287245,14,19,"{""0.95"": 12180, ""0.9"": 8838, ""0.8"": 4844, ""0.7"": 2594}"
p0176,induction,bigram_ba,13,ok,,cuda,39.44, ha,0.9375,0.62,10.92,0.7247512012423517,0.9292464852333069,0.27524876594543457,3.341689562056355,"[0.3245663046836853, 0.23946359753608704, 0.43597009778022766]",1.0,0.388713153971925,0.4240507134239182,0.008669913746416569,"[0.49642398953437805, 0.20510368049144745, 0.2984723448753357]",24,0.07287221401929855,0.0,0.09168125689029694,0.3330850899219513,"[0.0, 0.011881057173013687, 0.0297089871019125, 0.02313626930117607, 0.02461017481982708, 0.021707063540816307, 0.01169836986809969, 0.016663340851664543, 0.015843292698264122, 0.009403492324054241, 0.010245581157505512, 0.008669913746416569, 0.09168125689029694]","[0.02739868499338627, 0.0271501075476408, 0.02248333767056465, 0.020025771111249924, 0.012411274947226048, 0.008933179080486298, 0.006075658835470676, 0.0060110255144536495, 0.006151063367724419, 0.00549266068264842, 0.0041535538621246815, 0.005455709993839264, 0.003207648638635874, 0.005687419790774584, 0.010671475902199745, 0.0067704906687140465, 0.009872376918792725, 0.005143206566572189, 0.005205160938203335, 0.004076773300766945, 0.003268755041062832, 0.004124101251363754, 0.007237549405544996, 0.005386569537222385, 0.04818534478545189, 0.004669898189604282]",20472,20118,12,101187611,13,19,"{""0.95"": 12170, ""0.9"": 8766, ""0.8"": 4735, ""0.7"": 2463}"
p0177,induction,bigram_ab,11,ok,,cuda,29.33, mir,0.94140625,0.46,9.3,0.7347088237193578,0.9296754002571106,0.2652911841869354,3.1646493404237535,"[0.4536157250404358, 0.23907405138015747, 0.3073102831840515]",1.0,0.27191767101369707,0.3021307455707745,0.01016783993691206,"[0.6128689050674438, 0.2022048532962799, 0.18492631614208221]",1,0.033816248178482056,0.0,0.05238998681306839,0.19748106598854065,"[0.0, 0.014196766540408134, 0.03599588945508003, 0.041346434503793716, 0.02880115807056427, 0.013962565921247005, 0.019896991550922394, 0.029564671218395233, 0.018968870863318443, 0.01016783993691206, 0.05238998681306839]","[0.029539819806814194, 0.032803744077682495, 0.02598758414387703, 0.03243575245141983, 0.01632983610033989, 0.008079919032752514, 0.007854670286178589, 0.0049148257821798325, 0.004642546642571688, 0.0051866620779037476, 0.004364151507616043, 0.004980624187737703, 0.004025566391646862, 0.00576354656368494, 0.011947383172810078, 0.0075777675956487656, 0.003833954920992255, 0.00596350384876132, 0.009151472710072994, 0.0060915956273674965, 0.007318878546357155, 0.009797675535082817, 0.004561376292258501, 0.004266510251909494, 0.00697005819529295, 0.0009017508127726614]",17643,17344,10,77589556,11,19,"{""0.95"": 11308, ""0.9"": 8477, ""0.8"": 4889, ""0.7"": 2713}"
p0178,induction,bigram_ba,11,ok,,cuda,27.26, dol,0.9375,0.41,8.85,0.7212110013655445,0.9234124422073364,0.27878856658935547,3.03424305739804,"[0.48442742228507996, 0.21660271286964417, 0.2989697754383087]",0.2222222222222222,0.29550361509307765,0.32833735010341963,0.010638114996254444,"[0.603517472743988, 0.20666314661502838, 0.18981926143169403]",1,0.038875434547662735,0.0,0.052017807960510254,0.18658515810966492,"[0.0, 0.01567452773451805, 0.03421355038881302, 0.05586467310786247, 0.029300084337592125, 0.012434766627848148, 0.017574435099959373, 0.030377157032489777, 0.020693432539701462, 0.010638114996254444, 0.052017807960510254]","[0.03241578862071037, 0.0348672941327095, 0.025602079927921295, 0.02655680477619171, 0.017954790964722633, 0.008870708756148815, 0.008525963872671127, 0.006963423918932676, 0.006496938411146402, 0.003863704390823841, 0.00500519247725606, 0.005836968310177326, 0.008756146766245365, 0.005003933794796467, 0.010594350285828114, 0.00632046302780509, 0.004725970793515444, 0.007508590817451477, 0.009382860735058784, 0.004661147482693195, 0.005015349481254816, 0.0052622584626078606, 0.007012423127889633, 0.0036641419865190983, 0.006429487839341164, 0.011491774581372738]",16627,16327,10,69979186,11,19,"{""0.95"": 10436, ""0.9"": 7726, ""0.8"": 4368, ""0.7"": 2385}"
p0179,entity_known_unknown,known|p00,9,ok,,cuda,14.22, ,0.8359375,0.14,6.44,0.7355951290009954,0.9338700771331787,0.26440486311912537,3.387152765152876,"[0.31375712156295776, 0.231421560049057, 0.45482128858566284]",1.0,0.35244014291213555,0.40278873475672633,0.013838743790984154,"[0.4886680543422699, 0.2784395217895508, 0.2328924983739853]",1,0.04487423598766327,0.0,0.10641821473836899,0.4024820625782013,"[0.0, 0.023471301421523094, 0.02989422157406807, 0.029593387618660927, 0.015550315380096436, 0.024331601336598396, 0.021307069808244705, 0.013838743790984154, 0.10641821473836899]","[0.01864847168326378, 0.021970219910144806, 0.01972176320850849, 0.01560300774872303, 0.01252758502960205, 0.009696085005998611, 0.01290084794163704, 0.009069937281310558, 0.00906828511506319, 0.008719228208065033, 0.004852876998484135, 0.01146787405014038, 0.0064184763468801975, 0.010845254175364971, 0.009243623353540897, 0.007527502253651619, 0.009559783153235912, 0.00498613715171814, 0.007314145565032959, 0.009389519691467285, 0.006390235386788845, 0.007698493078351021, 0.0057657742872834206, 0.013319099321961403, 0.010134962387382984, 0.00156567117664963]",9541,9296,8,25244271,9,19,"{""0.95"": 5583, ""0.9"": 3995, ""0.8"": 2139, ""0.7"": 1162}"
p0180,entity_known_unknown,unknown|p00,9,ok,,cuda,12.51, ,0.83984375,0.12,6.35,0.7468627691268921,0.9372243285179138,0.2531372308731079,3.4219777567233303,"[0.22453615069389343, 0.2115776240825653, 0.563886284828186]",1.0,0.4697276582530529,0.5368316094320604,0.013236330822110176,"[0.4332023859024048, 0.2789932191371918, 0.2878044843673706]",24,0.055886413902044296,0.0,0.1295042634010315,0.5115970373153687,"[0.0, 0.01837495155632496, 0.009670856408774853, 0.028792645782232285, 0.013700073584914207, 0.02430308610200882, 0.015555006451904774, 0.013236330822110176, 0.1295042634010315]","[0.018541766330599785, 0.014918223023414612, 0.01715228520333767, 0.012687625363469124, 0.010678828693926334, 0.009558934718370438, 0.01055411621928215, 0.007994886487722397, 0.007572975009679794, 0.008065775968134403, 0.005446870811283588, 0.010543647222220898, 0.00674944743514061, 0.009846508502960205, 0.006647838745266199, 0.006448905449360609, 0.008745668455958366, 0.008128894492983818, 0.007232997566461563, 0.00973460916429758, 0.009539356455206871, 0.009898543357849121, 0.005035527981817722, 0.0070435525849461555, 0.023741675540804863, 0.0006277586799114943]",8800,8555,8,21798850,9,19,"{""0.95"": 4959, ""0.9"": 3478, ""0.8"": 1799, ""0.7"": 967}"
p0181,entity_known_unknown,known|p01,9,ok,,cuda,12.12, ,0.9296875,0.1,6.16,0.75609872471992,0.9388248920440674,0.24390128254890442,3.3365132459357105,"[0.32140687108039856, 0.236537903547287, 0.44205519556999207]",1.0,0.404701909602233,0.4625164681168377,0.014759819954633713,"[0.505001425743103, 0.32087111473083496, 0.1741274893283844]",0,0.029878560453653336,0.0,0.0930580124258995,0.3815396726131439,"[0.0, 0.00998365506529808, 0.016166092827916145, 0.05224179849028587, 0.017909469082951546, 0.0227748341858387, 0.01700759306550026, 0.014759819954633713, 0.0930580124258995]","[0.020754797384142876, 0.01507524959743023, 0.014905570074915886, 0.019447294995188713, 0.013372496701776981, 0.009622025303542614, 0.012755360454320908, 0.008375510573387146, 0.008862190879881382, 0.010607734322547913, 0.0063806152902543545, 0.009542368352413177, 0.00857541337609291, 0.00970360729843378, 0.006850864738225937, 0.007279609329998493, 0.01241000834852457, 0.006910655181854963, 0.006058381870388985, 0.0065329717472195625, 0.00984928384423256, 0.006211876403540373, 0.004127255640923977, 0.005778361577540636, 0.0032593789510428905, 0.0006524024065583944]",8313,8068,8,19150535,9,19,"{""0.95"": 4689, ""0.9"": 3343, ""0.8"": 1810, ""0.7"": 991}"
p0182,entity_known_unknown,unknown|p01,9,ok,,cuda,11.1, ,0.84375,0.09,6.12,0.7475649118423462,0.9368245005607605,0.2524350881576538,3.36717360735919,"[0.1866569072008133, 0.22344833612442017, 0.5898947715759277]",1.0,0.4797514370082978,0.5482873565809118,0.013712579384446144,"[0.4283483326435089, 0.2894080877304077, 0.2822435200214386]",24,0.05288662388920784,0.0,0.13519755005836487,0.5355735421180725,"[0.0, 0.010775665752589703, 0.013315959833562374, 0.023027129471302032, 0.014811483211815357, 0.027219155803322792, 0.014375558122992516, 0.013712579384446144, 0.13519755005836487]","[0.01668715476989746, 0.015644587576389313, 0.013692253269255161, 0.013913831673562527, 0.012609917670488358, 0.010304391384124756, 0.010414481163024902, 0.007463738322257996, 0.007399804890155792, 0.008455894887447357, 0.005758261773735285, 0.012381233274936676, 0.006752923130989075, 0.008290427736938, 0.006324263289570808, 0.008507571183145046, 0.007379380986094475, 0.009206808172166348, 0.008500184863805771, 0.009861364960670471, 0.012626449577510357, 0.008986297063529491, 0.0044380901381373405, 0.006046469788998365, 0.02040078677237034, 0.0003885289188474417]",7836,7591,8,16727167,9,20,"{""0.95"": 4256, ""0.9"": 2944, ""0.8"": 1516, ""0.7"": 819}"
p0183,entity_known_unknown,known|p02,9,ok,,cuda,12.83, ,0.8671875,0.12,6.25,0.7323966026306152,0.9334172010421753,0.26760339736938477,3.4160975442434367,"[0.3711208403110504, 0.23104210197925568, 0.3978370428085327]",1.0,0.3924669154630693,0.44853361767207917,0.01233386155217886,"[0.5347632765769958, 0.28749167919158936, 0.1777450442314148]",1,0.03425009548664093,0.0,0.09412868320941925,0.35174697637557983,"[0.0, 0.01410113275051117, 0.026502713561058044, 0.05870934948325157, 0.013940065167844296, 0.026870477944612503, 0.021017106249928474, 0.01233386155217886, 0.09412868320941925]","[0.018880847841501236, 0.024544591084122658, 0.021019697189331055, 0.020886987447738647, 0.016572337597608566, 0.010630825534462929, 0.010808248072862625, 0.009233981370925903, 0.010526949539780617, 0.009479234926402569, 0.00580208282917738, 0.011143537238240242, 0.007277030032128096, 0.01102280430495739, 0.008537347428500652, 0.006791686173528433, 0.011398591101169586, 0.005481432192027569, 0.006557246204465628, 0.0067578330636024475, 0.006101349368691444, 0.006144432816654444, 0.006031922064721584, 0.008348067291080952, 0.0037447367794811726, 0.0038795876316726208]",8731,8486,8,21269029,9,19,"{""0.95"": 5021, ""0.9"": 3602, ""0.8"": 1978, ""0.7"": 1097}"
p0184,entity_known_unknown,unknown|p02,9,ok,,cuda,11.16, ,0.828125,0.1,6.14,0.7390190958976746,0.9347459077835083,0.26098090410232544,3.39621400500183,"[0.17787018418312073, 0.23138122260570526, 0.5907486081123352]",1.0,0.4999432779495593,0.5713637462280677,0.01278794463723898,"[0.41698211431503296, 0.27868103981018066, 0.3043368458747864]",24,0.06021321192383766,0.0,0.14138616621494293,0.5417490601539612,"[0.0, 0.013387931510806084, 0.008850001730024815, 0.024182787165045738, 0.01620168797671795, 0.029264986515045166, 0.014919403940439224, 0.01278794463723898, 0.14138616621494293]","[0.018143851310014725, 0.014930804260075092, 0.014920009300112724, 0.012185248546302319, 0.01138385385274887, 0.01018101442605257, 0.011307913810014725, 0.008003013208508492, 0.007768669165670872, 0.006935997400432825, 0.006556853652000427, 0.011302825063467026, 0.007202062755823135, 0.009177005849778652, 0.006626085378229618, 0.008456094190478325, 0.008790378458797932, 0.007683123461902142, 0.0093753132969141, 0.009837580844759941, 0.013629501685500145, 0.007997282780706882, 0.00412399135529995, 0.00817832350730896, 0.023482562974095345, 0.002801547758281231]",7952,7707,8,17551012,9,20,"{""0.95"": 4361, ""0.9"": 3030, ""0.8"": 1575, ""0.7"": 848}"
p0185,entity_known_unknown,known|p03,9,ok,,cuda,12.31, ,0.703125,0.11,6.28,0.735390305519104,0.9323475360870361,0.264609694480896,3.3236987574977106,"[0.266691654920578, 0.2297995239496231, 0.5035088658332825]",1.0,0.4414718142517364,0.5045392162876988,0.013631612993776798,"[0.4498569071292877, 0.28431418538093567, 0.2658289074897766]",0,0.0530339777469635,0.0,0.11960169672966003,0.451992928981781,"[0.0, 0.013109722174704075, 0.01464969851076603, 0.04280976951122284, 0.01472053024917841, 0.027895038947463036, 0.01819160394370556, 0.013631612993776798, 0.11960169672966003]","[0.018908536061644554, 0.014258713461458683, 0.014878220856189728, 0.01786675676703453, 0.012616534717381, 0.010893854312598705, 0.011773375794291496, 0.00883630383759737, 0.00900418870151043, 0.009425046853721142, 0.006530293729156256, 0.01193266361951828, 0.005886279512196779, 0.011339571326971054, 0.006587596610188484, 0.007482849061489105, 0.009340301156044006, 0.006707691587507725, 0.00925959087908268, 0.008047344163060188, 0.008867691271007061, 0.005363342352211475, 0.005976404994726181, 0.014837006106972694, 0.013166236691176891, 0.004823292605578899]",8512,8262,8,20330809,9,19,"{""0.95"": 4709, ""0.9"": 3352, ""0.8"": 1819, ""0.7"": 1006}"
p0186,entity_known_unknown,unknown|p03,9,ok,,cuda,11.84, ,0.8203125,0.11,6.26,0.7425845111956901,0.9354827404022217,0.2574154734611511,3.3813777214852356,"[0.175779327750206, 0.21128402650356293, 0.6129366755485535]",1.0,0.4817521259248055,0.5505738581997777,0.014829625375568867,"[0.41918447613716125, 0.2682572603225708, 0.31255829334259033]",24,0.0655052438378334,0.0,0.14294973015785217,0.5553269982337952,"[0.0, 0.014512328431010246, 0.012469400651752949, 0.018266577273607254, 0.014086340554058552, 0.026737025007605553, 0.013564400374889374, 0.014829625375568867, 0.14294973015785217]","[0.018458154052495956, 0.014805725775659084, 0.01457026693969965, 0.01322215236723423, 0.010728134773671627, 0.01062992587685585, 0.011015300638973713, 0.007457016035914421, 0.007017878815531731, 0.007656959816813469, 0.0047112563624978065, 0.010816073045134544, 0.005962432362139225, 0.009565649554133415, 0.006003147456794977, 0.009070353582501411, 0.006942231208086014, 0.008325458504259586, 0.008227284997701645, 0.006724795792251825, 0.015921052545309067, 0.006464644335210323, 0.00418116943910718, 0.012727765366435051, 0.022476527839899063, 0.0037340871058404446]",8456,8211,8,19951401,9,19,"{""0.95"": 4653, ""0.9"": 3192, ""0.8"": 1619, ""0.7"": 860}"
p0187,entity_known_unknown,known|p04,9,ok,,cuda,11.91, ,0.8359375,0.11,6.16,0.7384613000429452,0.9341174364089966,0.26153868436813354,3.369390627373492,"[0.29740720987319946, 0.2177446484565735, 0.48484814167022705]",1.0,0.4436929474369567,0.5070776542136648,0.012732555158436298,"[0.4866427779197693, 0.2721838057041168, 0.24117343127727509]",3,0.049056537449359894,0.0,0.1140739917755127,0.43616488575935364,"[0.0, 0.009883527643978596, 0.020106054842472076, 0.047793906182050705, 0.01676495559513569, 0.023485491052269936, 0.0166982039809227, 0.012732555158436298, 0.1140739917755127]","[0.016664620488882065, 0.01848335936665535, 0.01756788231432438, 0.020629800856113434, 0.01572982594370842, 0.012128958478569984, 0.01062491349875927, 0.007231272757053375, 0.00821528397500515, 0.009354603476822376, 0.004630456678569317, 0.009952048771083355, 0.007883066311478615, 0.009854864329099655, 0.007149574346840382, 0.006275271065533161, 0.008933352306485176, 0.007153353188186884, 0.006261923350393772, 0.007757720537483692, 0.0066474685445427895, 0.005508431699126959, 0.0032596434466540813, 0.014459799975156784, 0.017679238691926003, 0.001501956139691174]",8317,8071,8,19315612,9,19,"{""0.95"": 4752, ""0.9"": 3392, ""0.8"": 1829, ""0.7"": 995}"
p0188,entity_known_unknown,unknown|p04,9,ok,,cuda,11.58, ,0.83984375,0.11,6.24,0.7525642289947203,0.9384771585464478,0.2474357783794403,3.4035245507345335,"[0.15359878540039062, 0.22829531133174896, 0.6181058883666992]",1.0,0.5123273079754758,0.5855169234005437,0.014141849242150784,"[0.41016554832458496, 0.2711043357849121, 0.3187299966812134]",24,0.062456924468278885,0.0,0.13879966735839844,0.5609523057937622,"[0.0, 0.010456878691911697, 0.007604367099702358, 0.019944587722420692, 0.015413508750498295, 0.026052556931972504, 0.015022363513708115, 0.014141849242150784, 0.13879966735839844]","[0.016270838677883148, 0.014120480976998806, 0.012568887323141098, 0.011199080385267735, 0.010779127478599548, 0.010834213346242905, 0.011095535941421986, 0.007528637535870075, 0.007092838641256094, 0.008077815175056458, 0.005730312317609787, 0.01002843864262104, 0.0066685788333415985, 0.009055719710886478, 0.005901253782212734, 0.00859187450259924, 0.006708704866468906, 0.006318221800029278, 0.008284296840429306, 0.008123989216983318, 0.015610563568770885, 0.00938787218183279, 0.007250323425978422, 0.006464617792516947, 0.018505271524190903, 0.005238276906311512]",8368,8123,8,19974882,9,20,"{""0.95"": 4679, ""0.9"": 3253, ""0.8"": 1670, ""0.7"": 885}"
p0189,entity_known_unknown,known|p05,9,ok,,cuda,12.41, ,0.828125,0.12,6.27,0.7436432532838885,0.9359415173530579,0.25635671615600586,3.375641938598198,"[0.27825841307640076, 0.23357947170734406, 0.48816221952438354]",1.0,0.43011198817723784,0.4915565579168432,0.011903501115739346,"[0.4860539436340332, 0.2771742045879364, 0.2367718666791916]",1,0.04521039128303528,0.0,0.11324013769626617,0.4417288303375244,"[0.0, 0.012287406250834465, 0.02115802653133869, 0.03788795694708824, 0.01523561030626297, 0.028482569381594658, 0.016161469742655754, 0.011903501115739346, 0.11324013769626617]","[0.019743692129850388, 0.01984594762325287, 0.015326650813221931, 0.01714020036160946, 0.013346480205655098, 0.010869575664401054, 0.011338584125041962, 0.008357531391084194, 0.008634518831968307, 0.00902420375496149, 0.005485830828547478, 0.012017103843390942, 0.007742544170469046, 0.007459109183400869, 0.0066893259063363075, 0.00785326212644577, 0.009606914594769478, 0.005177158862352371, 0.007532508112490177, 0.007955151610076427, 0.005014759488403797, 0.006039807572960854, 0.005448911804705858, 0.017340414226055145, 0.009073269553482533, 0.002293227706104517]",8738,8493,8,21371044,9,19,"{""0.95"": 5032, ""0.9"": 3603, ""0.8"": 1961, ""0.7"": 1076}"
p0192,entity_known_unknown,unknown|p06,9,ok,,cuda,11.13, ,0.75390625,0.09,6.11,0.7378624521411927,0.9340998530387878,0.2621375322341919,3.3768857664390963,"[0.17477042973041534, 0.22280964255332947, 0.602419912815094]",1.0,0.4908205050292195,0.5609377200333937,0.014299034141004086,"[0.41959577798843384, 0.27785149216651917, 0.3025527596473694]",24,0.062255945056676865,0.0,0.14361783862113953,0.5478720664978027,"[0.0, 0.014119627885520458, 0.010610749013721943, 0.021083513274788857, 0.014326190575957298, 0.02968512289226055, 0.0143954548984766, 0.014299034141004086, 0.14361783862113953]","[0.018281254917383194, 0.01204775832593441, 0.013797246851027012, 0.01351422443985939, 0.012979837134480476, 0.011912962421774864, 0.013076814822852612, 0.0074707334861159325, 0.006910970900207758, 0.0076057096011936665, 0.005996242165565491, 0.011665637604892254, 0.006852512247860432, 0.009993759915232658, 0.006558192893862724, 0.008424362167716026, 0.007564251776784658, 0.008174633607268333, 0.007359568029642105, 0.009694920852780342, 0.016191033646464348, 0.006562047637999058, 0.004515171516686678, 0.011369808577001095, 0.018812935799360275, 0.004804946482181549]",7784,7539,8,16608145,9,19,"{""0.95"": 4186, ""0.9"": 2896, ""0.8"": 1523, ""0.7"": 815}"
p0193,entity_known_unknown,known|p07,9,ok,,cuda,13.36, ,0.81640625,0.13,6.36,0.7359357757491798,0.9339125156402588,0.2640641927719116,3.3923984896681145,"[0.3235189616680145, 0.1975533366203308, 0.47892776131629944]",1.0,0.42642015751910173,0.4873373228789734,0.014173179864883423,"[0.5010293126106262, 0.25399062037467957, 0.24497994780540466]",1,0.052006568759679794,0.0,0.11229449510574341,0.4252545237541199,"[0.0, 0.014475660398602486, 0.052349913865327835, 0.018604198470711708, 0.01588362269103527, 0.021787798032164574, 0.014495342038571835, 0.014173179864883423, 0.11229449510574341]","[0.020070571452379227, 0.024023927748203278, 0.01439257524907589, 0.019269689917564392, 0.014731356874108315, 0.011397500522434711, 0.013449864462018013, 0.00741207879036665, 0.007556368596851826, 0.008405345492064953, 0.00494204368442297, 0.009186485782265663, 0.00709892250597477, 0.007165593095123768, 0.006780819036066532, 0.006242694798856974, 0.00936814770102501, 0.007879785262048244, 0.006534420885145664, 0.006149452179670334, 0.010791728273034096, 0.004516152665019035, 0.003517345990985632, 0.018107708543539047, 0.01240999810397625, 0.0026636309921741486]",9221,8975,8,23911696,9,19,"{""0.95"": 5380, ""0.9"": 3831, ""0.8"": 2051, ""0.7"": 1107}"
p0194,entity_known_unknown,unknown|p07,9,ok,,cuda,11.04, ,0.83984375,0.09,6.08,0.7533618134234714,0.9386918544769287,0.2466382086277008,3.384429289917239,"[0.186510369181633, 0.2283729761838913, 0.5851166248321533]",1.0,0.48331457570081077,0.5523595150866408,0.01437266543507576,"[0.4409935474395752, 0.27881017327308655, 0.28019627928733826]",0,0.05233549326658249,0.0,0.12993945181369781,0.5268423557281494,"[0.0, 0.015478979796171188, 0.006707684602588415, 0.023813920095562935, 0.014713609591126442, 0.02693752571940422, 0.014674365520477295, 0.01437266543507576, 0.12993945181369781]","[0.01742384023964405, 0.01677621342241764, 0.012899552471935749, 0.012137830257415771, 0.012926390394568443, 0.011078475043177605, 0.010637708008289337, 0.007537534926086664, 0.007348310202360153, 0.007814964279532433, 0.005226018838584423, 0.011009937152266502, 0.006300699897110462, 0.009697133675217628, 0.006823036819696426, 0.007781387306749821, 0.006838215980678797, 0.007273847237229347, 0.007897398434579372, 0.008874217979609966, 0.0106144268065691, 0.008869083598256111, 0.004919905215501785, 0.009948402643203735, 0.015896623954176903, 0.0020870475564152002]",7862,7617,8,17157004,9,19,"{""0.95"": 4286, ""0.9"": 2964, ""0.8"": 1541, ""0.7"": 836}"
p0195,entity_known_unknown,known|p08,9,ok,,cuda,12.58, ,0.8515625,0.12,6.29,0.7330466508865356,0.9335345029830933,0.26695334911346436,3.4052453158590454,"[0.3123350143432617, 0.2137283980846405, 0.47393661737442017]",1.0,0.4149158075110438,0.47418949429833573,0.01218100544065237,"[0.48957306146621704, 0.2707104980945587, 0.2397165149450302]",3,0.05083290487527847,0.0,0.1143379658460617,0.42830690741539,"[0.0, 0.014704324305057526, 0.03645450621843338, 0.03222005069255829, 0.017643427476286888, 0.025148460641503334, 0.014263621531426907, 0.01218100544065237, 0.1143379658460617]","[0.020193399861454964, 0.01833975873887539, 0.015117081813514233, 0.0226735919713974, 0.014415865764021873, 0.01147262193262577, 0.011475241743028164, 0.008450089022517204, 0.008555509150028229, 0.009445498697459698, 0.005361035466194153, 0.009554173797369003, 0.007499460130929947, 0.0093565434217453, 0.006449262611567974, 0.006928471382707357, 0.009531110525131226, 0.008141513913869858, 0.006531517952680588, 0.006628705188632011, 0.007909923791885376, 0.0044088708236813545, 0.005897276569157839, 0.014615421183407307, 0.011740460991859436, 0.00626094825565815]",8893,8648,8,21751762,9,19,"{""0.95"": 5204, ""0.9"": 3698, ""0.8"": 1958, ""0.7"": 1045}"
p0196,entity_known_unknown,unknown|p08,9,ok,,cuda,11.68, ,0.85546875,0.11,6.18,0.7470043596034479,0.9366028308868408,0.2529956102371216,3.3627304276358108,"[0.20028188824653625, 0.20969337224960327, 0.5900247097015381]",1.0,0.4648887788236238,0.5313014615127128,0.014862976968288422,"[0.4255037307739258, 0.2669794261455536, 0.3075169324874878]",24,0.06241827830672264,0.0,0.13441067934036255,0.5312767028808594,"[0.0, 0.014212661422789097, 0.012275122106075287, 0.024182654917240143, 0.014130588620901108, 0.024976767599582672, 0.013944147154688835, 0.014862976968288422, 0.13441067934036255]","[0.018159473314881325, 0.015982000157237053, 0.013009786605834961, 0.0147189786657691, 0.01159133855253458, 0.010414263233542442, 0.010273571126163006, 0.006973437964916229, 0.006527707912027836, 0.008596690371632576, 0.005052534397691488, 0.009968100115656853, 0.006726961582899094, 0.00815031211823225, 0.006264339201152325, 0.007722388952970505, 0.006597493775188923, 0.008465797640383244, 0.007718415930867195, 0.007663722150027752, 0.013987654820084572, 0.009392466396093369, 0.007368386257439852, 0.00807288009673357, 0.02077156864106655, 0.002825322328135371]",8415,8170,8,19975731,9,19,"{""0.95"": 4656, ""0.9"": 3251, ""0.8"": 1689, ""0.7"": 894}"
p0197,entity_known_unknown,known|p09,9,ok,,cuda,12.1, ,0.73046875,0.11,6.19,0.7333691279072089,0.933236300945282,0.2666308879852295,3.400616435535744,"[0.2803925573825836, 0.22583100199699402, 0.49377644062042236]",1.0,0.4193630330060527,0.4792720377212031,0.014814830385148525,"[0.48155710101127625, 0.26180902123451233, 0.2566339075565338]",1,0.05295248329639435,0.0,0.11684123426675797,0.43821337819099426,"[0.0, 0.013672281987965107, 0.01745678298175335, 0.04363225772976875, 0.017953548580408096, 0.025755757465958595, 0.01650421880185604, 0.014814830385148525, 0.11684123426675797]","[0.0185801200568676, 0.019447630271315575, 0.017500702291727066, 0.01826573722064495, 0.013918919488787651, 0.010993430390954018, 0.010836265981197357, 0.00971197709441185, 0.009143216535449028, 0.008857060223817825, 0.005498427897691727, 0.011340933851897717, 0.008118911646306515, 0.005674885120242834, 0.007569930516183376, 0.007728571072220802, 0.00918942503631115, 0.0058282348327338696, 0.009279543533921242, 0.006194498389959335, 0.011269660666584969, 0.006237444002181292, 0.0033381376415491104, 0.014488299377262592, 0.011811599135398865, 0.005807344801723957]",8463,8214,8,19965821,9,19,"{""0.95"": 4821, ""0.9"": 3468, ""0.8"": 1904, ""0.7"": 1049}"
p0198,entity_known_unknown,unknown|p09,9,ok,,cuda,11.33, ,0.83984375,0.1,6.12,0.7527368293028125,0.9386042952537537,0.24726316332817078,3.3911567742409994,"[0.18025222420692444, 0.2316465973854065, 0.5881012082099915]",1.0,0.4736555181158505,0.5413205921324006,0.01498363260179758,"[0.43973076343536377, 0.2833104133605957, 0.27695873379707336]",0,0.053750161081552505,0.0,0.13043212890625,0.527503252029419,"[0.0, 0.015118935145437717, 0.008875640109181404, 0.020575160160660744, 0.014348906464874744, 0.02808939479291439, 0.014839373528957367, 0.01498363260179758, 0.13043212890625]","[0.018631327897310257, 0.014675992541015148, 0.014835872687399387, 0.011929095722734928, 0.01120314747095108, 0.011425450444221497, 0.01093472819775343, 0.008028285577893257, 0.007065325044095516, 0.008067207410931587, 0.004730811808258295, 0.011280713602900505, 0.006282609887421131, 0.008874745108187199, 0.006308419164270163, 0.00860568881034851, 0.006813657004386187, 0.009088383987545967, 0.007302090059965849, 0.0074294451624155045, 0.010187876410782337, 0.005971882492303848, 0.0031361167784780264, 0.015019891783595085, 0.018288621678948402, 0.0011457769433036447]",8082,7837,8,18136940,9,19,"{""0.95"": 4425, ""0.9"": 3061, ""0.8"": 1578, ""0.7"": 848}"
p0199,entity_known_unknown,known|p10,9,ok,,cuda,11.82, ,0.5546875,0.11,6.14,0.732632903174508,0.9331014156341553,0.26736706495285034,3.4146040478295885,"[0.27869999408721924, 0.22159580886363983, 0.4997042119503021]",1.0,0.48570906564976846,0.5550960750283068,0.016562454402446747,"[0.47633036971092224, 0.2887156903743744, 0.23495393991470337]",1,0.04580484703183174,0.0,0.11704199761152267,0.4377577304840088,"[0.0, 0.012267502024769783, 0.00488194078207016, 0.05736575648188591, 0.018810655921697617, 0.024558549746870995, 0.015878213569521904, 0.016562454402446747, 0.11704199761152267]","[0.01915757544338703, 0.022937636822462082, 0.013552337884902954, 0.018177926540374756, 0.01343634631484747, 0.011986058205366135, 0.00966877955943346, 0.010115752927958965, 0.008322646841406822, 0.009871691465377808, 0.007013673894107342, 0.011831102892756462, 0.007872789166867733, 0.010024679824709892, 0.006532864645123482, 0.007928544655442238, 0.007943617179989815, 0.008174109272658825, 0.009649313054978848, 0.007364783436059952, 0.012139741331338882, 0.006847396492958069, 0.0042889975011348724, 0.008557687513530254, 0.010131590068340302, 0.0038394336588680744]",8241,7988,8,19089174,9,19,"{""0.95"": 4799, ""0.9"": 3479, ""0.8"": 1945, ""0.7"": 1092}"
p0200,entity_known_unknown,unknown|p10,9,ok,,cuda,11.01, ,0.796875,0.09,6.07,0.7341664750377566,0.9335647821426392,0.2658335566520691,3.4093364347797164,"[0.21534784138202667, 0.20138442516326904, 0.5832677483558655]",1.0,0.5230564343131325,0.5977787820721515,0.015351501293480396,"[0.44854703545570374, 0.2625090181827545, 0.28894397616386414]",2,0.06311747431755066,0.0,0.13970063626766205,0.5255191922187805,"[0.0, 0.013139430433511734, 0.004811324644833803, 0.039295926690101624, 0.014483217149972916, 0.025607706978917122, 0.01344381459057331, 0.015351501293480396, 0.13970063626766205]","[0.017647912725806236, 0.018204674124717712, 0.018325481563806534, 0.015847180038690567, 0.011443870142102242, 0.011205703020095825, 0.009970305487513542, 0.00895094033330679, 0.007642783224582672, 0.007761307060718536, 0.004435202572494745, 0.010755185037851334, 0.006682935170829296, 0.00971943885087967, 0.006091609597206116, 0.00945468433201313, 0.008442895486950874, 0.006440446712076664, 0.006277103908360004, 0.007416431792080402, 0.014479365199804306, 0.006655283272266388, 0.0062828087247908115, 0.015409015119075775, 0.016931848600506783, 0.003359152004122734]",7850,7605,8,17091242,9,19,"{""0.95"": 4416, ""0.9"": 3139, ""0.8"": 1655, ""0.7"": 892}"
p0201,entity_known_unknown,known|p11,9,ok,,cuda,13.44, ,0.77734375,0.13,6.37,0.7354419389103688,0.9325555562973022,0.2645580768585205,3.3193634071272,"[0.2797902822494507, 0.2374020218849182, 0.48280760645866394]",1.0,0.3955984562032261,0.45211252137511554,0.01348667312413454,"[0.4709855318069458, 0.29639652371406555, 0.232618048787117]",1,0.048179369419813156,0.0,0.11424397677183151,0.4318295419216156,"[0.0, 0.013998860493302345, 0.02921520732343197, 0.030806714668869972, 0.016627376899123192, 0.028172720223665237, 0.01800652965903282, 0.01348667312413454, 0.11424397677183151]","[0.017972130328416824, 0.01855609565973282, 0.014179778285324574, 0.017333414405584335, 0.01341951172798872, 0.011958669871091843, 0.012981053441762924, 0.009068519808351994, 0.009133839048445225, 0.010862709023058414, 0.0062918090261518955, 0.01113245077431202, 0.008770942687988281, 0.009331131353974342, 0.007497260347008705, 0.0072301216423511505, 0.009457839652895927, 0.007839815691113472, 0.006643784232437611, 0.006717825308442116, 0.007515560835599899, 0.008198665454983711, 0.007376936264336109, 0.008679792284965515, 0.013035646639764309, 0.0033727670088410378]",9134,8888,8,23439461,9,19,"{""0.95"": 5349, ""0.9"": 3829, ""0.8"": 2083, ""0.7"": 1143}"
p0202,entity_known_unknown,unknown|p11,9,ok,,cuda,11.48, ,0.8671875,0.1,6.13,0.7462242094411975,0.936129093170166,0.25377577543258667,3.356141819183045,"[0.17455454170703888, 0.21794362366199493, 0.6075018644332886]",1.0,0.4850804439772544,0.5543776502597193,0.01306163053959608,"[0.4098571240901947, 0.2860538065433502, 0.3040890097618103]",20,0.057921551167964935,0.0,0.14110760390758514,0.556032657623291,"[0.0, 0.014981130138039589, 0.011628501117229462, 0.017688076943159103, 0.015449034981429577, 0.02622685395181179, 0.01363291684538126, 0.01306163053959608, 0.14110760390758514]","[0.016556378453969955, 0.014133189804852009, 0.013442456722259521, 0.011447558179497719, 0.011629999615252018, 0.010801123455166817, 0.011247551999986172, 0.008692706003785133, 0.006060849409550428, 0.008964319713413715, 0.006210857070982456, 0.011533506214618683, 0.00629351194947958, 0.009614894166588783, 0.005501037463545799, 0.007434336002916098, 0.006809208542108536, 0.010231856256723404, 0.007432451471686363, 0.011816423386335373, 0.016846371814608574, 0.013249175623059273, 0.0033481826540082693, 0.008501273579895496, 0.014890271238982677, 0.0010862755589187145]",8199,7954,8,18915462,9,19,"{""0.95"": 4551, ""0.9"": 3156, ""0.8"": 1646, ""0.7"": 887}"
p0203,entity_known_unknown,known|p12,9,ok,,cuda,14.05, ,0.8359375,0.14,6.41,0.733450098839408,0.9336259365081787,0.26654988527297974,3.431819321131667,"[0.2969015836715698, 0.21552219986915588, 0.48757627606391907]",1.0,0.4145982353298262,0.4738265546626585,0.013752653263509274,"[0.4612354636192322, 0.2876189053058624, 0.25114554166793823]",1,0.05383508652448654,0.0,0.11621074378490448,0.43598121404647827,"[0.0, 0.0147349638864398, 0.025077469646930695, 0.03932665288448334, 0.012881852686405182, 0.023227382451295853, 0.02133818343281746, 0.013752653263509274, 0.11621074378490448]","[0.017153248190879822, 0.023220617324113846, 0.01572202704846859, 0.016033530235290527, 0.013357779011130333, 0.009529325179755688, 0.011101789772510529, 0.008275361731648445, 0.008548597805202007, 0.010165330022573471, 0.006152258720248938, 0.00895182229578495, 0.008294405415654182, 0.010529021732509136, 0.005970096215605736, 0.00843692384660244, 0.012010857462882996, 0.0061540850438177586, 0.0055793533101677895, 0.007528380956500769, 0.007376193534582853, 0.006361955776810646, 0.010775135830044746, 0.007566077634692192, 0.011665469035506248, 0.010090256109833717]",9413,9168,8,25382817,9,19,"{""0.95"": 5447, ""0.9"": 3900, ""0.8"": 2140, ""0.7"": 1199}"
p0205,entity_known_unknown,known|p13,9,ok,,cuda,12.43, ,0.8828125,0.12,6.24,0.756531096800235,0.93942791223526,0.24346891045570374,3.370598798125411,"[0.29911261796951294, 0.23340266942977905, 0.4674847722053528]",1.0,0.393214768901247,0.4493883073157109,0.01303010806441307,"[0.4975145161151886, 0.3089791536331177, 0.19350628554821014]",1,0.030036384239792824,0.0,0.10078790038824081,0.4139661490917206,"[0.0, 0.013447999954223633, 0.02344960719347, 0.03592701256275177, 0.016066623851656914, 0.025680171325802803, 0.0150794992223382, 0.01303010806441307, 0.10078790038824081]","[0.018619511276483536, 0.022103063762187958, 0.016061987727880478, 0.014685272239148617, 0.013376198709011078, 0.009532938711345196, 0.010266643948853016, 0.007829162292182446, 0.008654543198645115, 0.010812588036060333, 0.004492467734962702, 0.010614410042762756, 0.007946970872581005, 0.010481962002813816, 0.006796608678996563, 0.007278131321072578, 0.010876696556806564, 0.005926988553255796, 0.00880175456404686, 0.008274627849459648, 0.011596852913498878, 0.006022795103490353, 0.003082004841417074, 0.002850147895514965, 0.005318124778568745, 0.0011664610356092453]",8705,8460,8,21500593,9,19,"{""0.95"": 5075, ""0.9"": 3631, ""0.8"": 2005, ""0.7"": 1114}"
p0206,entity_known_unknown,unknown|p13,9,ok,,cuda,11.73, ,0.89453125,0.11,6.17,0.7476886360459707,0.9373507499694824,0.2523113489151001,3.3981072280617264,"[0.20703257620334625, 0.23232786357402802, 0.5606396198272705]",1.0,0.4554306769031792,0.5204922021750619,0.016032196581363678,"[0.4494015574455261, 0.28526970744132996, 0.26532870531082153]",0,0.04865496978163719,0.0,0.12542355060577393,0.49709826707839966,"[0.0, 0.016336238011717796, 0.008790689520537853, 0.027109740301966667, 0.014783947728574276, 0.028330519795417786, 0.015504484996199608, 0.016032196581363678, 0.12542355060577393]","[0.018211256712675095, 0.01685095764696598, 0.015569029375910759, 0.014030396938323975, 0.012096949853003025, 0.009734236635267735, 0.01167566142976284, 0.00711304135620594, 0.008107595145702362, 0.00795926246792078, 0.0047780899330973625, 0.009712331928312778, 0.007156317587941885, 0.007786324247717857, 0.007342144846916199, 0.009034961462020874, 0.007459101267158985, 0.010748268105089664, 0.008771903812885284, 0.009518570266664028, 0.015551379881799221, 0.007183150388300419, 0.006041278131306171, 0.006124092731624842, 0.011928072199225426, 0.0018269977299496531]",8391,8146,8,20162358,9,20,"{""0.95"": 4757, ""0.9"": 3344, ""0.8"": 1752, ""0.7"": 929}"
p0207,entity_known_unknown,known|p14,9,ok,,cuda,12.53, ,0.89453125,0.11,6.32,0.7341669164101878,0.9337832927703857,0.2658330202102661,3.401626529643623,"[0.3222639262676239, 0.2487509846687317, 0.4289850890636444]",1.0,0.3977687364836177,0.4545928416955631,0.013147679157555103,"[0.5124967694282532, 0.30710574984550476, 0.18039754033088684]",1,0.03235432133078575,0.0,0.10089071840047836,0.37952667474746704,"[0.0, 0.0088255750015378, 0.03622651845216751, 0.04061629995703697, 0.020028650760650635, 0.02844080701470375, 0.01765676960349083, 0.013147679157555103, 0.10089071840047836]","[0.018439408391714096, 0.024624325335025787, 0.01757184788584709, 0.01636665314435959, 0.01581481471657753, 0.01002085953950882, 0.012669208459556103, 0.01102677546441555, 0.009704669937491417, 0.0078115323558449745, 0.005714057944715023, 0.010926248505711555, 0.00840374268591404, 0.0112171471118927, 0.010690702125430107, 0.009166104719042778, 0.012439783662557602, 0.005269535817205906, 0.007121527101844549, 0.008479773998260498, 0.007736526429653168, 0.007500754203647375, 0.008344382978975773, 0.003716987557709217, 0.0036961412988603115, 0.0013595267664641142]",8704,8459,8,20959415,9,19,"{""0.95"": 5060, ""0.9"": 3611, ""0.8"": 1957, ""0.7"": 1071}"
p0208,entity_known_unknown,unknown|p14,9,ok,,cuda,10.91, ,0.828125,0.1,6.07,0.7545548227694736,0.9388120174407959,0.24544519186019897,3.3828979979103493,"[0.15694810450077057, 0.23819299042224884, 0.604858934879303]",1.0,0.4770852649391122,0.5452403027875568,0.015420619398355484,"[0.41615670919418335, 0.2928880751132965, 0.29095521569252014]",24,0.058936767280101776,0.0,0.13303908705711365,0.5420317649841309,"[0.0, 0.010821188800036907, 0.013055719435214996, 0.014645246788859367, 0.014410972595214844, 0.02842002548277378, 0.015632325783371925, 0.015420619398355484, 0.13303908705711365]","[0.015698757022619247, 0.013676300644874573, 0.01188612449914217, 0.013221371918916702, 0.011826801113784313, 0.010177094489336014, 0.011204894632101059, 0.006437342148274183, 0.008014973253011703, 0.00669916532933712, 0.006625090725719929, 0.010637055151164532, 0.006774773821234703, 0.01060868427157402, 0.007409198675304651, 0.007758352905511856, 0.007037020288407803, 0.008338626474142075, 0.006443564314395189, 0.006033230572938919, 0.010613192804157734, 0.008104091510176659, 0.00537827517837286, 0.010817289352416992, 0.021242931485176086, 0.0027809853199869394]",7810,7565,8,17045306,9,20,"{""0.95"": 4151, ""0.9"": 2814, ""0.8"": 1450, ""0.7"": 792}"
p0209,entity_known_unknown,known|p15,9,ok,,cuda,12.32, ,0.90234375,0.11,6.23,0.7421661461690752,0.9356969594955444,0.2578338384628296,3.3938393622514127,"[0.29646721482276917, 0.25034675002098083, 0.4531860947608948]",1.0,0.3940610091525051,0.4503554390314344,0.012422590516507626,"[0.49492254853248596, 0.30031028389930725, 0.2047671228647232]",1,0.040063124150037766,0.0,0.10442408919334412,0.40500542521476746,"[0.0, 0.010847240686416626, 0.029672348871827126, 0.0359196774661541, 0.018530944362282753, 0.02644365467131138, 0.019573256373405457, 0.012422590516507626, 0.10442408919334412]","[0.019588325172662735, 0.02072676084935665, 0.016499048098921776, 0.015687773004174232, 0.013760579749941826, 0.010413474403321743, 0.01030584704130888, 0.010003753006458282, 0.01062221173197031, 0.008938716724514961, 0.004473896697163582, 0.009924229234457016, 0.007469754200428724, 0.010491348803043365, 0.008450806140899658, 0.010521065443754196, 0.011704578995704651, 0.00545575562864542, 0.006403753533959389, 0.00632901955395937, 0.0066658081486821175, 0.004257763270288706, 0.006015463266521692, 0.011403442360460758, 0.010036158375442028, 0.0016844860510900617]",8570,8325,8,20579758,9,19,"{""0.95"": 4885, ""0.9"": 3483, ""0.8"": 1900, ""0.7"": 1048}"
p0210,entity_known_unknown,unknown|p15,9,ok,,cuda,11.4, ,0.84765625,0.1,6.21,0.7487329467753454,0.9375935792922974,0.25126704573631287,3.4006180478939054,"[0.1943497657775879, 0.22516582906246185, 0.5804844498634338]",1.0,0.4578303445734376,0.5232346795125001,0.014441747218370438,"[0.43769916892051697, 0.27990368008613586, 0.2823970317840576]",0,0.05351903289556503,0.0,0.13141487538814545,0.5230087637901306,"[0.0, 0.012903310358524323, 0.013739578425884247, 0.022190801799297333, 0.014055894687771797, 0.026733649894595146, 0.01578720659017563, 0.014441747218370438, 0.13141487538814545]","[0.01935480162501335, 0.015329169109463692, 0.013431856408715248, 0.012893409468233585, 0.011201662011444569, 0.00984321441501379, 0.012873344123363495, 0.007715286687016487, 0.007336649112403393, 0.007847174070775509, 0.006559476256370544, 0.009996406733989716, 0.006766599137336016, 0.008116910234093666, 0.005908924154937267, 0.009383173659443855, 0.008118612691760063, 0.0076333037577569485, 0.008397659286856651, 0.00904038641601801, 0.015349756926298141, 0.008414201438426971, 0.0034937518648803234, 0.005418878514319658, 0.01817534677684307, 0.0026670992374420166]",8200,7955,8,18840821,9,20,"{""0.95"": 4585, ""0.9"": 3191, ""0.8"": 1657, ""0.7"": 889}"
p0212,obfuscated,rung1_typos|b00,7,ok,,cuda,8.5, nice,0.16015625,0.07,5.89,0.7382999694734712,0.9356915354728699,0.26169994473457336,3.52049461820512,"[0.07886810600757599, 0.41896259784698486, 0.5021693706512451]",1.0,0.4262579203292871,0.5115095043951445,0.032899823039770126,"[0.4830005466938019, 0.2813008725643158, 0.23569852113723755]",0,0.04176906496286392,0.0,0.09851785004138947,0.3764535188674927,"[0.0, 0.008464792743325233, 0.012174985371530056, 0.08307807892560959, 0.026564395055174828, 0.032899823039770126, 0.09851785004138947]","[0.021063698455691338, 0.019837044179439545, 0.02053126133978367, 0.015945715829730034, 0.014702154323458672, 0.009094612672924995, 0.011731387116014957, 0.006225275341421366, 0.00727007444947958, 0.007946611382067204, 0.0064048077911138535, 0.006096193566918373, 0.007317215669900179, 0.011398028582334518, 0.010276624001562595, 0.009814785793423653, 0.0068748705089092255, 0.0074872891418635845, 0.008919445797801018, 0.0109937759116292, 0.006628988776355982, 0.010830191895365715, 0.005229037255048752, 0.003728125710040331, 0.00859028473496437, 0.006762438919395208]",6704,6505,6,13388268,7,19,"{""0.95"": 4008, ""0.9"": 2943, ""0.8"": 1689, ""0.7"": 967}"
p0213,obfuscated,rung2_caps|b00,14,ok,,cuda,46.73, c,0.045654296875,0.71,11.62,0.7332583784923038,0.9352025985717773,0.2667415738105774,3.5821024596943296,"[0.2898504137992859, 0.2407262772321701, 0.4694232642650604]",1.0,0.36229263894895597,0.3924836921947023,0.011495196260511875,"[0.5615555047988892, 0.21147501468658447, 0.22696948051452637]",0,0.045887190848588943,0.0,0.08065048605203629,0.3023543655872345,"[0.0, 0.012639818713068962, 0.007974773645401001, 0.014635310508310795, 0.02439836598932743, 0.017666896805167198, 0.026998605579137802, 0.01932481676340103, 0.007597300689667463, 0.010290988720953465, 0.01457720622420311, 0.018491821363568306, 0.011495196260511875, 0.08065048605203629]","[0.03228345140814781, 0.026294436305761337, 0.02567458711564541, 0.017388638108968735, 0.013798360712826252, 0.010042048990726471, 0.011004532687366009, 0.0071836127899587154, 0.0061205364763736725, 0.0066330996342003345, 0.006831899285316467, 0.005419811699539423, 0.007618180476129055, 0.006641126237809658, 0.0059803565964102745, 0.006170429289340973, 0.006044774781912565, 0.00506950356066227, 0.0074223680421710014, 0.007232639007270336, 0.006424060091376305, 0.006319854874163866, 0.007755094673484564, 0.006015048362314701, 0.011741728521883488, 0.007631406188011169]",21688,21300,13,113789996,14,20,"{""0.95"": 12489, ""0.9"": 8846, ""0.8"": 4645, ""0.7"": 2417}"
p0214,obfuscated,rung3_subst|b00,18,ok,,cuda,36.14, ,0.10009765625,0.39,8.91,0.7464119144610135,0.9322232604026794,0.2535877227783203,3.1225790686476493,"[0.2285214513540268, 0.31449246406555176, 0.4569861590862274]",1.0,0.39452291387548977,0.41918059599270785,0.017687611281871796,"[0.5541164875030518, 0.23085375130176544, 0.21502970159053802]",0,0.03995615616440773,0.0,0.0675916075706482,0.2665413022041321,"[0.0, 0.004313991405069828, 0.014395693317055702, 0.00940933171659708, 0.012015731073915958, 0.009776837192475796, 0.008038653060793877, 0.013115462847054005, 0.010932449251413345, 0.023944076150655746, 0.006172345019876957, 0.008624608628451824, 0.016962481662631035, 0.005463895853608847, 0.004749803338199854, 0.020393159240484238, 0.017687611281871796, 0.0675916075706482]","[0.023039869964122772, 0.019663050770759583, 0.02128429338335991, 0.02215568721294403, 0.017129920423030853, 0.011889164336025715, 0.010983001440763474, 0.007814038544893265, 0.006558137945830822, 0.006781633011996746, 0.006011161953210831, 0.005510800518095493, 0.008319811895489693, 0.006360017694532871, 0.00616215355694294, 0.00730916578322649, 0.005969102960079908, 0.006117835640907288, 0.006329513154923916, 0.008243227377533913, 0.01034625992178917, 0.006437638774514198, 0.006985439918935299, 0.006871198303997517, 0.0053209541365504265, 0.003994664642959833]",16144,15648,17,61706210,18,20,"{""0.95"": 8948, ""0.9"": 6269, ""0.8"": 3233, ""0.7"": 1662}"
p0215,obfuscated,rung0_clean|b01,5,ok,,cuda,4.45, door,0.453125,0.02,5.65,0.7237685158114741,0.928981602191925,0.27623146772384644,3.3232935203268035,"[0.2667793929576874, 0.1566976010799408, 0.576522946357727]",1.0,0.3710131482314886,0.49468419764198485,0.04328480735421181,"[0.3925621211528778, 0.2939348518848419, 0.3135029971599579]",0,0.06193287670612335,0.0,0.1592537760734558,0.576522946357727,"[0.0, 0.024556847289204597, 0.04913601651787758, 0.04328480735421181, 0.1592537760734558]","[0.01936248317360878, 0.012194524519145489, 0.014294124208390713, 0.011256535537540913, 0.010798944160342216, 0.010362973436713219, 0.014332287013530731, 0.007815624587237835, 0.008020510897040367, 0.007570778951048851, 0.006591417361050844, 0.006882003974169493, 0.006277736742049456, 0.007566315121948719, 0.009141338989138603, 0.014844333752989769, 0.010999729856848717, 0.011320404708385468, 0.016468431800603867, 0.0081980861723423, 0.008884808979928493, 0.009622526355087757, 0.016506938263773918, 0.014824849553406239, 0.009828201495110989, 0.0022655529901385307]",3379,3234,4,3218792,5,20,"{""0.95"": 1984, ""0.9"": 1404, ""0.8"": 759, ""0.7"": 429}"
p0216,obfuscated,rung1_typos|b01,6,ok,,cuda,6.06, door,0.271484375,0.04,5.68,0.710732208301456,0.9268000721931458,0.28926774859428406,3.445714709527365,"[0.20695550739765167, 0.17318812012672424, 0.6198564171791077]",1.0,0.48623115265185063,0.6077889408148133,0.013069598004221916,"[0.4253387451171875, 0.26248082518577576, 0.3121805191040039]",0,0.06563089042901993,0.0,0.17930445075035095,0.6198564171791077,"[0.0, 0.0203538965433836, 0.039511654525995255, 0.03702813759446144, 0.013069598004221916, 0.17930445075035095]","[0.022639550268650055, 0.01555916853249073, 0.020702015608549118, 0.016911519691348076, 0.011158866807818413, 0.009746351279318333, 0.01159648783504963, 0.007807868532836437, 0.00691494345664978, 0.006863074842840433, 0.00596208032220602, 0.007466331124305725, 0.007455604150891304, 0.007036239840090275, 0.007368582300841808, 0.01125156320631504, 0.009909839369356632, 0.012613904662430286, 0.01362965814769268, 0.011043203063309193, 0.007017103023827076, 0.01158144325017929, 0.015209745615720749, 0.010142543353140354, 0.01272047869861126, 0.008959575556218624]",5120,4948,5,6913790,6,19,"{""0.95"": 3069, ""0.9"": 2243, ""0.8"": 1244, ""0.7"": 697}"
p0217,obfuscated,rung2_caps|b01,10,ok,,cuda,24.29, d,0.0751953125,0.34,8.16,0.7183633682615127,0.932020902633667,0.28163617849349976,3.663239558292821,"[0.26963624358177185, 0.20720504224300385, 0.5231586694717407]",1.0,0.39971407383329777,0.44967833306245997,0.023128818720579147,"[0.48568689823150635, 0.20101600885391235, 0.31329694390296936]",0,0.07391715794801712,0.0,0.10957234352827072,0.3890562951564789,"[0.0, 0.011507865972816944, 0.03277624398469925, 0.031655214726924896, 0.010291479527950287, 0.018221328034996986, 0.029843632131814957, 0.01463927049189806, 0.023128818720579147, 0.10957234352827072]","[0.02884846366941929, 0.024788321927189827, 0.025191258639097214, 0.016276873648166656, 0.010924024507403374, 0.009688538499176502, 0.008100873790681362, 0.006739689502865076, 0.006228989455848932, 0.004881194792687893, 0.005286497995257378, 0.007582209073007107, 0.007720843888819218, 0.005637588445097208, 0.006883589550852776, 0.006163510028272867, 0.005720345303416252, 0.006737616844475269, 0.009505080059170723, 0.004813536070287228, 0.007531280629336834, 0.006038196384906769, 0.009996164590120316, 0.01897457242012024, 0.021027764305472374, 0.010349178686738014]",14950,14670,9,60705103,10,19,"{""0.95"": 8992, ""0.9"": 6498, ""0.8"": 3510, ""0.7"": 1821}"
p0218,obfuscated,rung3_subst|b01,18,ok,,cuda,39.26, ,0.318359375,0.43,9.01,0.7427299260031559,0.9324579238891602,0.25726985931396484,3.1910711735635457,"[0.27806052565574646, 0.2608144283294678, 0.46112510561943054]",1.0,0.3367943966070626,0.35784404639500406,0.01244434341788292,"[0.5471621155738831, 0.213287815451622, 0.23955009877681732]",2,0.050735339522361755,0.0,0.06891973316669464,0.2678888738155365,"[0.0, 0.012841065414249897, 0.014073670841753483, 0.011211968027055264, 0.015307091176509857, 0.011759632267057896, 0.006343166343867779, 0.0064030298963189125, 0.01411676686257124, 0.014881315641105175, 0.01956285536289215, 0.005487494636327028, 0.00664822943508625, 0.01112330798059702, 0.016090242192149162, 0.010055962018668652, 0.01244434341788292, 0.06891973316669464]","[0.024142945185303688, 0.020300567150115967, 0.02527180314064026, 0.021213307976722717, 0.01568704843521118, 0.010405486449599266, 0.009297816082835197, 0.007788425777107477, 0.006660917308181524, 0.00513688288629055, 0.005347072146832943, 0.005916498601436615, 0.007027650251984596, 0.006686845328658819, 0.006721383426338434, 0.007267968729138374, 0.005476862192153931, 0.005291364621371031, 0.004942719824612141, 0.005950959399342537, 0.011365349404513836, 0.0056900568306446075, 0.010836506262421608, 0.005597683601081371, 0.011189439333975315, 0.006056305952370167]",16997,16501,17,67025599,18,19,"{""0.95"": 9886, ""0.9"": 7094, ""0.8"": 3830, ""0.7"": 2040}"
p0219,obfuscated,rung0_clean|b02,5,ok,,cuda,4.52, letter,0.166015625,0.02,5.65,0.7432221021188559,0.9350302815437317,0.25677788257598877,3.3400043906599386,"[0.2815915644168854, 0.1882079690694809, 0.5302004814147949]",1.0,0.3294346037634253,0.4392461383512338,0.048327650874853134,"[0.38102734088897705, 0.3400617837905884, 0.27891093492507935]",18,0.04457860067486763,0.0,0.1361437737941742,0.5302004814147949,"[0.0, 0.0235110092908144, 0.04879548400640488, 0.048327650874853134, 0.1361437737941742]","[0.013873605988919735, 0.010938017629086971, 0.013613954186439514, 0.010379096493124962, 0.013071427121758461, 0.010643544606864452, 0.009030522778630257, 0.007902298122644424, 0.008386933244764805, 0.008727552369236946, 0.005977908615022898, 0.008055415004491806, 0.009016341529786587, 0.010337243787944317, 0.007491913624107838, 0.013667919673025608, 0.012241329997777939, 0.011804716661572456, 0.015852823853492737, 0.011186739429831505, 0.007879434153437614, 0.007188467774540186, 0.0070482962764799595, 0.009388611651957035, 0.008367547765374184, 0.004706245381385088]",3369,3224,4,3291720,5,20,"{""0.95"": 2015, ""0.9"": 1449, ""0.8"": 827, ""0.7"": 496}"
p0220,obfuscated,rung1_typos|b02,6,ok,,cuda,7.39, letter,0.21484375,0.06,5.78,0.7367021504076258,0.9366669654846191,0.26329782605171204,3.5871104433663663,"[0.1621282994747162, 0.4493851661682129, 0.3884865343570709]",1.0,0.3399438390506767,0.4249297988133459,0.03668365254998207,"[0.5271438956260681, 0.25904589891433716, 0.2138100564479828]",0,0.03493552282452583,0.0,0.102287657558918,0.3884865343570709,"[0.0, 0.01975959539413452, 0.022928429767489433, 0.08163848519325256, 0.03668365254998207, 0.102287657558918]","[0.03279305249452591, 0.018676139414310455, 0.024836057797074318, 0.016552207991480827, 0.01206880435347557, 0.010087515227496624, 0.009912893176078796, 0.006600131280720234, 0.007269061170518398, 0.007144895847886801, 0.0049797240644693375, 0.00668592844158411, 0.007190389558672905, 0.006476067006587982, 0.005888551473617554, 0.009139125235378742, 0.010970786213874817, 0.009730760008096695, 0.013837998732924461, 0.007522207219153643, 0.0071516744792461395, 0.006181957200169563, 0.005088888108730316, 0.006509735248982906, 0.006274060346186161, 0.003729210700839758]",6321,6149,5,11941885,6,19,"{""0.95"": 3834, ""0.9"": 2816, ""0.8"": 1592, ""0.7"": 898}"
p0221,obfuscated,rung2_caps|b02,8,ok,,cuda,13.46, letter,0.134765625,0.15,6.49,0.7078873551983257,0.92826247215271,0.2921126186847687,3.5797397973056184,"[0.2863587737083435, 0.2856089174747467, 0.4280323386192322]",1.0,0.3526326979229527,0.4114048142434448,0.02684077061712742,"[0.5405474901199341, 0.21180470287799835, 0.24764782190322876]",0,0.050804417580366135,0.0,0.09819288551807404,0.33614733815193176,"[0.0, 0.013034642674028873, 0.05572571977972984, 0.014888649806380272, 0.03320842981338501, 0.05022154375910759, 0.02684077061712742, 0.09819288551807404]","[0.03131395950913429, 0.02745133638381958, 0.027086298912763596, 0.021207384765148163, 0.01322898082435131, 0.009676249697804451, 0.012372982688248158, 0.008367268368601799, 0.007196287624537945, 0.006399374455213547, 0.005396600812673569, 0.0074075376614928246, 0.007690588477998972, 0.005589575041085482, 0.007116991560906172, 0.008590671233832836, 0.005894041620194912, 0.007785446476191282, 0.011048369109630585, 0.010488269850611687, 0.00717009836807847, 0.0081162815913558, 0.008048005402088165, 0.008673693984746933, 0.008752613328397274, 0.010043722577393055]",9749,9523,7,25178396,8,19,"{""0.95"": 5805, ""0.9"": 4167, ""0.8"": 2206, ""0.7"": 1175}"
p0222,obfuscated,rung3_subst|b02,10,ok,,cuda,12.95, time,0.1240234375,0.12,6.33,0.7410896949985896,0.9313084483146667,0.25891032814979553,3.1729920240992815,"[0.16827672719955444, 0.2143624722957611, 0.6173608303070068]",1.0,0.39403369347617817,0.44328790516070044,0.031776219606399536,"[0.5016621351242065, 0.23458318412303925, 0.2637546956539154]",1,0.049102701246738434,0.0,0.09735962748527527,0.3760360777378082,"[0.0, 0.006726271007210016, 0.020831020548939705, 0.01601128838956356, 0.016069184988737106, 0.026550214737653732, 0.012881254777312279, 0.030705252662301064, 0.031776219606399536, 0.09735962748527527]","[0.019803490489721298, 0.021092547103762627, 0.02083742432296276, 0.017292605713009834, 0.014915269799530506, 0.010334312915802002, 0.010604655370116234, 0.00756861874833703, 0.007436581887304783, 0.005420385859906673, 0.005273524206131697, 0.005800494458526373, 0.006185811944305897, 0.006692109629511833, 0.006658628582954407, 0.008855313062667847, 0.006792885717004538, 0.009056856855750084, 0.007321323733776808, 0.011864793486893177, 0.008043531328439713, 0.004900448024272919, 0.009867838583886623, 0.011720878072082996, 0.006220079027116299, 0.00834992527961731]",8756,8476,9,19434955,10,20,"{""0.95"": 4820, ""0.9"": 3332, ""0.8"": 1696, ""0.7"": 894}"
p0224,obfuscated,rung1_typos|b03,7,ok,,cuda,7.24, game,0.051025390625,0.05,5.69,0.725566262141767,0.9281337857246399,0.2744336724281311,3.2512485696448925,"[0.42737168073654175, 0.13469451665878296, 0.4379338026046753]",0.2,0.3829237665382018,0.45950851984584223,0.03739539161324501,"[0.5389437079429626, 0.24577245116233826, 0.21528387069702148]",1,0.04228680208325386,0.0,0.08278840780258179,0.30166998505592346,"[0.0, 0.019008856266736984, 0.09827633202075958, 0.023807743564248085, 0.013156969100236893, 0.03739539161324501, 0.08278840780258179]","[0.023585287854075432, 0.026352383196353912, 0.026094608008861542, 0.019995732232928276, 0.013656668365001678, 0.010820917785167694, 0.010755328461527824, 0.00885728932917118, 0.0077860974706709385, 0.007043684832751751, 0.007292149588465691, 0.0073335724882781506, 0.0065108733251690865, 0.00575884198769927, 0.00911665614694357, 0.008516084402799606, 0.006314472761005163, 0.009561900980770588, 0.009448409080505371, 0.007345932070165873, 0.0077426438219845295, 0.005256383214145899, 0.00672290800139308, 0.0037428077775985003, 0.004301314242184162, 0.014520746655762196]",5669,5470,6,9133312,7,19,"{""0.95"": 3396, ""0.9"": 2500, ""0.8"": 1440, ""0.7"": 834}"
p0225,obfuscated,rung2_caps|b03,12,ok,,cuda,28.32,ir,0.41015625,0.36,8.36,0.7062791308622519,0.9271833896636963,0.29372063279151917,3.5563945690210574,"[0.21124494075775146, 0.19772356748580933, 0.591031551361084]",1.0,0.42392754380148945,0.4663202981816384,0.017457962036132812,"[0.46260866522789, 0.19313140213489532, 0.34425991773605347]",24,0.0859585851430893,0.0,0.11874791979789734,0.40428870916366577,"[0.0, 0.011663075536489487, 0.010410825721919537, 0.022083451971411705, 0.017889637500047684, 0.01379617303609848, 0.01471010223031044, 0.017253238707780838, 0.01231597363948822, 0.0373922623693943, 0.017457962036132812, 0.11874791979789734]","[0.02609933167695999, 0.019172558560967445, 0.026635196059942245, 0.015766412019729614, 0.014403545297682285, 0.009147276170551777, 0.01011133473366499, 0.005750672891736031, 0.008791390806436539, 0.004806775599718094, 0.004762336611747742, 0.007536650635302067, 0.006599654443562031, 0.006494603119790554, 0.005788170266896486, 0.006648816168308258, 0.008931157179176807, 0.0051585109904408455, 0.008789830841124058, 0.006367824971675873, 0.010387755930423737, 0.013910969719290733, 0.00941379927098751, 0.01121485698968172, 0.03225432708859444, 0.008776877075433731]",15458,15124,11,59444673,12,19,"{""0.95"": 9066, ""0.9"": 6437, ""0.8"": 3357, ""0.7"": 1770}"
p0226,obfuscated,rung3_subst|b03,20,ok,,cuda,50.21, ,0.1953125,0.56,10.13,0.7267319180587506,0.9273894429206848,0.27326807379722595,3.1660023050325803,"[0.3869434595108032, 0.1838284730911255, 0.4292280673980713]",1.0,0.3536041495436137,0.3732488245182589,0.012914258055388927,"[0.5650873780250549, 0.23378808796405792, 0.20112456381320953]",2,0.04116532579064369,0.0,0.05831712856888771,0.2134062945842743,"[0.0, 0.0077100456692278385, 0.017517592757940292, 0.024884823709726334, 0.00834187027066946, 0.016568664461374283, 0.01998562179505825, 0.010730680078268051, 0.012764989398419857, 0.0041841804049909115, 0.006200512871146202, 0.006754992064088583, 0.0088225482031703, 0.011507229879498482, 0.017979105934500694, 0.014728507027029991, 0.0059220558032393456, 0.0074332645162940025, 0.012914258055388927, 0.05831712856888771]","[0.02506442368030548, 0.020214341580867767, 0.03079189360141754, 0.023412078619003296, 0.017578953877091408, 0.011697184294462204, 0.0102998623624444, 0.007813206873834133, 0.007548387628048658, 0.00648539699614048, 0.005015152040868998, 0.007575277704745531, 0.008018551394343376, 0.007910147309303284, 0.007757635787129402, 0.00772646302357316, 0.0067510344088077545, 0.006647164933383465, 0.006292061880230904, 0.007503533270210028, 0.008693964220583439, 0.007125884294509888, 0.006840105168521404, 0.0055870190262794495, 0.008471179753541946, 0.004447172861546278]",19351,18801,19,92701786,20,19,"{""0.95"": 11230, ""0.9"": 7992, ""0.8"": 4230, ""0.7"": 2214}"
p0227,obfuscated,rung0_clean|b04,5,ok,,cuda,4.41, burden,0.16015625,0.02,5.65,0.7399360978565275,0.9335200786590576,0.26006388664245605,3.316166477843935,"[0.27549296617507935, 0.12859749794006348, 0.5959094762802124]",1.0,0.40866113750686495,0.54488151667582,0.03344356641173363,"[0.38991227746009827, 0.315817654132843, 0.29427003860473633]",0,0.051991645246744156,0.0,0.1549745351076126,0.5959094762802124,"[0.0, 0.019503453746438026, 0.052142322063446045, 0.03344356641173363, 0.1549745351076126]","[0.019658885896205902, 0.011651113629341125, 0.012765943072736263, 0.00911992322653532, 0.012426099739968777, 0.009888364002108574, 0.009775541722774506, 0.008467751555144787, 0.0076484824530780315, 0.007102579809725285, 0.005764721427112818, 0.007146220188587904, 0.00690016895532608, 0.009988358244299889, 0.009474050253629684, 0.012502668425440788, 0.010389410890638828, 0.012864584103226662, 0.013544200919568539, 0.010993159376084805, 0.0076339771039783955, 0.00696218479424715, 0.008834938518702984, 0.00997242983430624, 0.013650433160364628, 0.0049376823008060455]",3461,3316,4,3483888,5,20,"{""0.95"": 2077, ""0.9"": 1496, ""0.8"": 831, ""0.7"": 478}"
p0228,obfuscated,rung1_typos|b04,6,ok,,cuda,6.52, burden,0.158203125,0.05,5.68,0.7278289470468696,0.9314059615135193,0.2721710205078125,3.411457098001094,"[0.1906237155199051, 0.3515077531337738, 0.4578685164451599]",1.0,0.3400003272637004,0.4250004090796255,0.04451584815979004,"[0.5026307702064514, 0.2631496489048004, 0.23421959578990936]",2,0.04548424854874611,0.0,0.1246185377240181,0.4578685164451599,"[0.0, 0.01716361753642559, 0.03471863269805908, 0.05115437135100365, 0.04451584815979004, 0.1246185377240181]","[0.022064680233597755, 0.017735790461301804, 0.0241605956107378, 0.017093580216169357, 0.016856130212545395, 0.010404268279671669, 0.010977772064507008, 0.008843176066875458, 0.008665524423122406, 0.006606859154999256, 0.005143709480762482, 0.006506211124360561, 0.007783933542668819, 0.006771357264369726, 0.00931652169674635, 0.010527110658586025, 0.008783029392361641, 0.010182971134781837, 0.008946104906499386, 0.0093174297362566, 0.008098797872662544, 0.006973458919674158, 0.00713831651955843, 0.009877986274659634, 0.009049390442669392, 0.004346298519521952]",5650,5478,5,9452501,6,19,"{""0.95"": 3431, ""0.9"": 2481, ""0.8"": 1338, ""0.7"": 733}"
p0229,obfuscated,rung2_caps|b04,11,ok,,cuda,27.66, b,0.043701171875,0.39,8.67,0.7424875611630231,0.9366520047187805,0.25751206278800964,3.515839363942004,"[0.20788218080997467, 0.20272968709468842, 0.5893881916999817]",1.0,0.40150145244800584,0.4461127249422287,0.019219549372792244,"[0.5305817127227783, 0.20546039938926697, 0.26395779848098755]",0,0.05209419131278992,0.0,0.106468066573143,0.41344889998435974,"[0.0, 0.01027904823422432, 0.009650550782680511, 0.016865920275449753, 0.016736645251512527, 0.015616065822541714, 0.02239084057509899, 0.014198430813848972, 0.02608693763613701, 0.019219549372792244, 0.106468066573143]","[0.028368152678012848, 0.021865051239728928, 0.022544588893651962, 0.021648943424224854, 0.011889786459505558, 0.008484624326229095, 0.009171375073492527, 0.00681729894131422, 0.005841375328600407, 0.004582718014717102, 0.005914308130741119, 0.00613291235640645, 0.005403673741966486, 0.004950058646500111, 0.005825279746204615, 0.007283154875040054, 0.006338050588965416, 0.006478377152234316, 0.009653540328145027, 0.0062245894223451614, 0.007629822473973036, 0.006596806924790144, 0.006967700086534023, 0.01003927830606699, 0.01440398208796978, 0.006456599570810795]",16206,15899,10,63402648,11,19,"{""0.95"": 9751, ""0.9"": 7046, ""0.8"": 3803, ""0.7"": 2006}"
p0230,obfuscated,rung3_subst|b04,15,ok,,cuda,32.14, ,0.1513671875,0.39,8.66,0.7481170720135278,0.9345970153808594,0.2518826127052307,3.232820958672411,"[0.25753775238990784, 0.25312718749046326, 0.4893351197242737]",1.0,0.38008510921266053,0.4093224253059421,0.01236661896109581,"[0.5605053901672363, 0.22978273034095764, 0.20971180498600006]",2,0.038781799376010895,0.0,0.07387670874595642,0.2932981550693512,"[0.0, 0.010770116001367569, 0.008984463289380074, 0.010571198537945747, 0.016579698771238327, 0.017963804304599762, 0.016425620764493942, 0.02371229976415634, 0.0044327969662845135, 0.005130428820848465, 0.014057186432182789, 0.02428419515490532, 0.012727485038340092, 0.01236661896109581, 0.07387670874595642]","[0.0228287260979414, 0.021145103499293327, 0.025709442794322968, 0.022084400057792664, 0.015624728985130787, 0.00979262962937355, 0.009698906913399696, 0.007701341062784195, 0.006596291437745094, 0.005056362599134445, 0.005504967644810677, 0.006998326629400253, 0.006223279517143965, 0.006038628052920103, 0.006881954148411751, 0.0063882204703986645, 0.0077326372265815735, 0.007053903304040432, 0.006842794828116894, 0.007198169827461243, 0.006502373609691858, 0.0053380317986011505, 0.008804048411548138, 0.005974163766950369, 0.007122978568077087, 0.005040205083787441]",16170,15755,14,61596251,15,19,"{""0.95"": 9454, ""0.9"": 6788, ""0.8"": 3641, ""0.7"": 1896}"
p0231,obfuscated,rung0_clean|b05,5,ok,,cuda,4.72, country,0.22265625,0.02,5.65,0.7139051386061394,0.9283421635627747,0.2860948443412781,3.460262313599779,"[0.23137423396110535, 0.33511674404144287, 0.43350905179977417]",1.0,0.3272945980030711,0.43639279733742814,0.09587517380714417,"[0.3451760709285736, 0.3332216143608093, 0.32160240411758423]",17,0.06484699994325638,0.0,0.12402470409870148,0.43350905179977417,"[0.0, 0.013602553866803646, 0.05259242281317711, 0.09587517380714417, 0.12402470409870148]","[0.0191817469894886, 0.01110958494246006, 0.011997821740806103, 0.012052202597260475, 0.010597304441034794, 0.00899619609117508, 0.009156209416687489, 0.008548641577363014, 0.007113373838365078, 0.007255298085510731, 0.006739980541169643, 0.007076478097587824, 0.008820073679089546, 0.009019767865538597, 0.009423363953828812, 0.01433673594146967, 0.012025440111756325, 0.020635833963751793, 0.014963357709348202, 0.0121984351426363, 0.009359781630337238, 0.014165938831865788, 0.010074486956000328, 0.013322727754712105, 0.010385667905211449, 0.0075383903458714485]",3539,3394,4,3687625,5,20,"{""0.95"": 2116, ""0.9"": 1534, ""0.8"": 884, ""0.7"": 530}"
p0232,obfuscated,rung1_typos|b05,7,ok,,cuda,10.1, country,0.2490234375,0.1,6.1,0.7188593624322657,0.9324783086776733,0.28114059567451477,3.6600080294593704,"[0.206899955868721, 0.1173437312245369, 0.6757563948631287]",1.0,0.4180628301935151,0.501675396232218,0.0892125815153122,"[0.502403974533081, 0.2597372829914093, 0.23785874247550964]",2,0.04726304113864899,0.0,0.10076995193958282,0.3584326207637787,"[0.0, 0.010819146409630775, 0.04734882712364197, 0.013271964155137539, 0.019718119874596596, 0.0892125815153122, 0.10076995193958282]","[0.02395484410226345, 0.017239456996321678, 0.0289993267506361, 0.02026957832276821, 0.014217786490917206, 0.009912926703691483, 0.009970998391509056, 0.009335590526461601, 0.007345641031861305, 0.006699950434267521, 0.006280920468270779, 0.006563252303749323, 0.0066170054487884045, 0.008408461697399616, 0.007180055603384972, 0.008341288194060326, 0.008662226609885693, 0.014269528910517693, 0.011131901293992996, 0.008476806804537773, 0.005180537700653076, 0.010904666036367416, 0.006987263448536396, 0.006806406192481518, 0.011027314700186253, 0.0063568539917469025]",8059,7860,6,17882293,7,19,"{""0.95"": 4541, ""0.9"": 3291, ""0.8"": 1819, ""0.7"": 1024}"
p0233,obfuscated,rung2_caps|b05,10,ok,,cuda,21.92, w,0.060302734375,0.29,7.76,0.7262405576427475,0.9331551790237427,0.27375906705856323,3.5660696527277254,"[0.2597297430038452, 0.23973549902439117, 0.50053471326828]",1.0,0.3152323634339544,0.3546364088631987,0.018566308543086052,"[0.5545117259025574, 0.21240274608135223, 0.23308546841144562]",0,0.04845869541168213,0.0,0.08274491876363754,0.3022545278072357,"[0.0, 0.018890511244535446, 0.01466168649494648, 0.03755117207765579, 0.02995246648788452, 0.014166786335408688, 0.021510515362024307, 0.03571470454335213, 0.018566308543086052, 0.08274491876363754]","[0.02947809547185898, 0.022825678810477257, 0.027851833030581474, 0.022350409999489784, 0.014576788991689682, 0.009874612092971802, 0.010057595558464527, 0.008127870969474316, 0.006659733597189188, 0.005777302198112011, 0.005498063750565052, 0.006196025758981705, 0.007341212127357721, 0.006291472353041172, 0.006094357930123806, 0.007017770782113075, 0.006633724085986614, 0.00729724857956171, 0.010022548958659172, 0.005328014492988586, 0.007985001429915428, 0.0053021786734461784, 0.005963359959423542, 0.010376999154686928, 0.008140526711940765, 0.010690629482269287]",13863,13583,9,50921899,10,20,"{""0.95"": 8669, ""0.9"": 6431, ""0.8"": 3622, ""0.7"": 1981}"
p0234,obfuscated,rung3_subst|b05,16,ok,,cuda,33.27, ,0.2265625,0.39,8.92,0.7574562378556249,0.9356985688209534,0.2425433248281479,3.136398924260617,"[0.2886522114276886, 0.34763672947883606, 0.36371102929115295]",1.0,0.3339968032068862,0.3578537177216638,0.006675360258668661,"[0.599210262298584, 0.2098265439271927, 0.19096317887306213]",2,0.03557771071791649,0.0,0.05314601585268974,0.21911968290805817,"[0.0, 0.00917744729667902, 0.019264649599790573, 0.013998427428305149, 0.010035870596766472, 0.017534276470541954, 0.01259827334433794, 0.029816770926117897, 0.008325828239321709, 0.01925589330494404, 0.014320204965770245, 0.014616948552429676, 0.008487945422530174, 0.005289406981319189, 0.006675360258668661, 0.05314601585268974]","[0.02586713619530201, 0.0222556721419096, 0.026984350755810738, 0.020071443170309067, 0.01496919710189104, 0.010166949592530727, 0.011393306776881218, 0.006848870310932398, 0.006777528673410416, 0.004958926700055599, 0.004979403223842382, 0.005415828432887793, 0.006568540818989277, 0.004962373059242964, 0.007131105288863182, 0.006616669707000256, 0.0050874450244009495, 0.005171733908355236, 0.004378133453428745, 0.0063610016368329525, 0.007086943369358778, 0.005631500389426947, 0.005464854184538126, 0.008126258850097656, 0.0022062757052481174, 0.007061879150569439]",16172,15730,15,62807640,16,19,"{""0.95"": 9312, ""0.9"": 6668, ""0.8"": 3637, ""0.7"": 1960}"
p0235,obfuscated,rung0_clean|b06,6,ok,,cuda,6.29, camera,0.1708984375,0.04,5.67,0.7089459896087646,0.9285672903060913,0.29105401039123535,3.6048812136131985,"[0.16199949383735657, 0.3084719181060791, 0.5295285582542419]",1.0,0.416115644324458,0.5201445554055726,0.056588370352983475,"[0.3888019621372223, 0.3167808949947357, 0.29441702365875244]",0,0.06251983344554901,0.0,0.15412141382694244,0.5295285582542419,"[0.0, 0.014900291338562965, 0.032250311225652695, 0.03319361060857773, 0.056588370352983475, 0.15412141382694244]","[0.017717359587550163, 0.011863023042678833, 0.014879942871630192, 0.013242471031844616, 0.011675686575472355, 0.011216937564313412, 0.012682037428021431, 0.010402753949165344, 0.009482162073254585, 0.01064721867442131, 0.009033270180225372, 0.009524742141366005, 0.00997480470687151, 0.00949714332818985, 0.010210677981376648, 0.011488070711493492, 0.011530572548508644, 0.010293858125805855, 0.010986539535224438, 0.01218489371240139, 0.017344674095511436, 0.014909964054822922, 0.009771402925252914, 0.006378379184752703, 0.006454485468566418, 0.007660925853997469]",5039,4867,5,7193627,6,20,"{""0.95"": 3018, ""0.9"": 2201, ""0.8"": 1220, ""0.7"": 701}"
p0236,obfuscated,rung1_typos|b06,7,ok,,cuda,9.69, camera,0.162109375,0.09,6.09,0.7178325057029724,0.9313896298408508,0.2821674942970276,3.622519223966477,"[0.13800235092639923, 0.16430528461933136, 0.697692334651947]",1.0,0.44118659845308134,0.5294239181436976,0.06779446452856064,"[0.47764915227890015, 0.26801446080207825, 0.25433647632598877]",2,0.05116273835301399,0.0,0.12907163798809052,0.4574291408061981,"[0.0, 0.012088400311768055, 0.02685137651860714, 0.03114192746579647, 0.015219681896269321, 0.06779446452856064, 0.12907163798809052]","[0.022063584998250008, 0.018666811287403107, 0.023325692862272263, 0.018030378967523575, 0.013978812843561172, 0.010582995600998402, 0.009749510325491428, 0.009757079184055328, 0.008622181601822376, 0.008590582758188248, 0.006895983591675758, 0.009334024973213673, 0.008207693696022034, 0.008099425584077835, 0.009456559084355831, 0.00983637385070324, 0.007479376625269651, 0.007724937982857227, 0.010178474709391594, 0.01042427308857441, 0.016713233664631844, 0.009407313540577888, 0.00852297991514206, 0.0054145921021699905, 0.006499898619949818, 0.004604720044881105]",7708,7509,6,15846980,7,20,"{""0.95"": 4537, ""0.9"": 3323, ""0.8"": 1853, ""0.7"": 1025}"
p0237,obfuscated,rung2_caps|b06,9,ok,,cuda,19.36, camera,0.039794921875,0.25,7.34,0.7105528884796567,0.9301682710647583,0.2894471287727356,3.656324583087021,"[0.2964625954627991, 0.24749858677387238, 0.45603883266448975]",1.0,0.33001972180795197,0.3771653963519451,0.030941911041736603,"[0.5386025905609131, 0.23432394862174988, 0.22707344591617584]",0,0.047953009605407715,0.0,0.10105721652507782,0.3491387665271759,"[0.0, 0.017142901197075844, 0.02456570789217949, 0.04410163313150406, 0.0333830788731575, 0.017741847783327103, 0.020512830466032028, 0.030941911041736603, 0.10105721652507782]","[0.03217465057969093, 0.02027028426527977, 0.02734127640724182, 0.01985160820186138, 0.01557413674890995, 0.012101108208298683, 0.01099341083317995, 0.009294532239437103, 0.008295961655676365, 0.0076063694432377815, 0.0064119454473257065, 0.007875420153141022, 0.007638814393430948, 0.007628926541656256, 0.008720142766833305, 0.008867771364748478, 0.007347154431045055, 0.005727850832045078, 0.008403196930885315, 0.009369549341499805, 0.008233030326664448, 0.00966733880341053, 0.007830682210624218, 0.00820712000131607, 0.008903532288968563, 0.005111304111778736]",12665,12412,8,41935613,9,20,"{""0.95"": 7471, ""0.9"": 5322, ""0.8"": 2838, ""0.7"": 1513}"
p0238,obfuscated,rung3_subst|b06,14,ok,,cuda,23.96, ,0.2041015625,0.26,7.49,0.7402246876646673,0.9319602251052856,0.2597750723361969,3.223560193128699,"[0.293043851852417, 0.166708841919899, 0.54024738073349]",1.0,0.3724946598495222,0.403535881503649,0.02645731531083584,"[0.5428759455680847, 0.2419188767671585, 0.21520517766475677]",0,0.04175374656915665,0.0,0.0764961838722229,0.2944708466529846,"[0.0, 0.00735751586034894, 0.013784459792077541, 0.012285799719393253, 0.01912701688706875, 0.02357069030404091, 0.0173302311450243, 0.008191105909645557, 0.008850731886923313, 0.008934731595218182, 0.013253293000161648, 0.024136004969477654, 0.02645731531083584, 0.0764961838722229]","[0.026637792587280273, 0.020059391856193542, 0.022589338943362236, 0.018519707024097443, 0.015436675399541855, 0.012328336015343666, 0.011183363385498524, 0.00785524956882, 0.006415789946913719, 0.00585365341976285, 0.008917635306715965, 0.00782303512096405, 0.007709176279604435, 0.005244992207735777, 0.0061808992177248, 0.006975920870900154, 0.005994474980980158, 0.008144707418978214, 0.007568194065243006, 0.006582998670637608, 0.005517089739441872, 0.00866769254207611, 0.008161657489836216, 0.0038963097613304853, 0.00394141860306263, 0.011569577269256115]",13109,12721,13,42056383,14,20,"{""0.95"": 7704, ""0.9"": 5517, ""0.8"": 2908, ""0.7"": 1528}"
p0239,obfuscated,rung0_clean|b07,6,ok,,cuda,5.79, station,0.578125,0.03,5.67,0.7342852791717814,0.9344412684440613,0.26571470499038696,3.48825559622476,"[0.2392214834690094, 0.34411776065826416, 0.4166608154773712]",1.0,0.314016700293132,0.392520875366415,0.046543657779693604,"[0.4205476641654968, 0.28015244007110596, 0.2992998957633972]",0,0.06038959324359894,0.0,0.11071290820837021,0.4166608154773712,"[0.0, 0.010499950498342514, 0.05306471511721611, 0.04489348456263542, 0.046543657779693604, 0.11071290820837021]","[0.018276643007993698, 0.016032541170716286, 0.0145572479814291, 0.009900094009935856, 0.015648381784558296, 0.010816923342645168, 0.01148744486272335, 0.007323884870857, 0.007702542934566736, 0.009359456598758698, 0.007759248837828636, 0.006225991528481245, 0.0072130970656871796, 0.00793839804828167, 0.009991294704377651, 0.009393453598022461, 0.00903431698679924, 0.007525370456278324, 0.008599432185292244, 0.010539362207055092, 0.012459971010684967, 0.013319713063538074, 0.014348890632390976, 0.004901053383946419, 0.01205978449434042, 0.0033001841511577368]",4553,4381,5,6012494,6,20,"{""0.95"": 2645, ""0.9"": 1869, ""0.8"": 1004, ""0.7"": 563}"
p0240,obfuscated,rung1_typos|b07,7,ok,,cuda,7.16, airport,0.11181640625,0.05,5.7,0.7282857460805329,0.9301541447639465,0.2717142701148987,3.3228758073741984,"[0.10639482736587524, 0.41298094391822815, 0.4806242287158966]",1.0,0.3407915461740562,0.4089498554088674,0.03981754183769226,"[0.5045819878578186, 0.25773194432258606, 0.23768599331378937]",1,0.04740014672279358,0.0,0.09077490866184235,0.3340822756290436,"[0.0, 0.009920336306095123, 0.018988654017448425, 0.06794267147779465, 0.04427013173699379, 0.03981754183769226, 0.09077490866184235]","[0.019870545715093613, 0.025253674015402794, 0.023636359721422195, 0.02118426375091076, 0.0120480265468359, 0.010536246001720428, 0.00896384846419096, 0.008738018572330475, 0.006871164310723543, 0.0061625223606824875, 0.00578415347263217, 0.006033310666680336, 0.006819986738264561, 0.006507180631160736, 0.009513634257018566, 0.008442334830760956, 0.008245665580034256, 0.01252065971493721, 0.011182332411408424, 0.006000209134072065, 0.011403461918234825, 0.00806991197168827, 0.008194203488528728, 0.00820039864629507, 0.0032256715930998325, 0.008306493982672691]",5794,5595,6,9763963,7,20,"{""0.95"": 3602, ""0.9"": 2675, ""0.8"": 1532, ""0.7"": 865}"
p0241,obfuscated,rung2_caps|b07,11,ok,,cuda,28.53, St,0.0537109375,0.41,8.77,0.7445191775662431,0.9384101033210754,0.2554802894592285,3.5905614728737887,"[0.3564663529396057, 0.2309715896844864, 0.4125621020793915]",1.0,0.3231307219542052,0.35903413550467245,0.00969739817082882,"[0.5672304630279541, 0.2147061973810196, 0.21806341409683228]",0,0.043541520833969116,0.0,0.071804940700531,0.2810586392879486,"[0.0, 0.01653262786567211, 0.011586851440370083, 0.02317703329026699, 0.0397736057639122, 0.014513961970806122, 0.023312445729970932, 0.021182270720601082, 0.023899134248495102, 0.00969739817082882, 0.071804940700531]","[0.036081649363040924, 0.02285800315439701, 0.025425681844353676, 0.016080301254987717, 0.01187892910093069, 0.009047207422554493, 0.00929788313806057, 0.0073662069626152515, 0.006880329456180334, 0.0055310605093836784, 0.0049348012544214725, 0.004868797026574612, 0.006809039507061243, 0.004958158824592829, 0.006886646151542664, 0.006105752661824226, 0.008873561397194862, 0.005885375663638115, 0.0067227678373456, 0.005446607246994972, 0.006947873160243034, 0.006249936763197184, 0.012888276018202305, 0.00575514230877161, 0.007110815495252609, 0.004589477553963661]",16433,16126,10,70338159,11,20,"{""0.95"": 10213, ""0.9"": 7426, ""0.8"": 4062, ""0.7"": 2191}"
p0242,obfuscated,rung3_subst|b07,15,ok,,cuda,26.91,r,0.267578125,0.27,7.59,0.7256637363307424,0.9262557625770569,0.2743360102176666,3.131432358761304,"[0.2808871567249298, 0.2911761403083801, 0.4279366135597229]",1.0,0.3595374085729081,0.3871941323092857,0.017055286094546318,"[0.5079041719436646, 0.2438395917415619, 0.24825622141361237]",2,0.0508364774286747,0.0,0.07619394361972809,0.2777394950389862,"[0.0, 0.006537850014865398, 0.010015864856541157, 0.013628706336021423, 0.030173344537615776, 0.016701698303222656, 0.01671181060373783, 0.021532293409109116, 0.015713458880782127, 0.02056937664747238, 0.005353161599487066, 0.012926499359309673, 0.01122269593179226, 0.017055286094546318, 0.07619394361972809]","[0.020269472151994705, 0.017680421471595764, 0.026177406311035156, 0.019502660259604454, 0.01655055209994316, 0.01241260301321745, 0.010687346570193768, 0.008332711644470692, 0.007723227143287659, 0.005820537451654673, 0.0067985327914357185, 0.006678332574665546, 0.0091577572748065, 0.007819902151823044, 0.006948608905076981, 0.009173148311674595, 0.008023536764085293, 0.006473624147474766, 0.008096087723970413, 0.009173058904707432, 0.007538683712482452, 0.00737322773784399, 0.010384369641542435, 0.01149553433060646, 0.006627458147704601, 0.007417203392833471]",13409,12994,14,46490534,15,19,"{""0.95"": 7648, ""0.9"": 5425, ""0.8"": 2878, ""0.7"": 1545}"
p0243,obfuscated,rung0_clean|b08,6,ok,,cuda,5.59, snow,0.1591796875,0.03,5.67,0.6884559803280819,0.9195073843002319,0.3115440011024475,3.4243873469316686,"[0.1493750959634781, 0.38915202021598816, 0.46147286891937256]",1.0,0.38339960693393743,0.4792495086674218,0.06829417496919632,"[0.3471333980560303, 0.32283899188041687, 0.3300275206565857]",17,0.07297644764184952,0.0,0.14376910030841827,0.46147286891937256,"[0.0, 0.010680852457880974, 0.035856060683727264, 0.05294380336999893, 0.06829417496919632, 0.14376910030841827]","[0.016054822131991386, 0.01465364545583725, 0.013002829626202583, 0.012331479229032993, 0.01328262034803629, 0.010611513629555702, 0.010369806550443172, 0.008579691872000694, 0.009260933846235275, 0.0077215880155563354, 0.0072877719067037106, 0.008691832423210144, 0.008569817990064621, 0.007961452007293701, 0.013398615643382072, 0.010024537332355976, 0.016253646463155746, 0.02066929265856743, 0.018772665411233902, 0.011068986728787422, 0.012244311161339283, 0.018764439970254898, 0.007813850417733192, 0.010897348634898663, 0.008186044171452522, 0.015070454217493534]",4361,4189,5,5443690,6,20,"{""0.95"": 2660, ""0.9"": 1944, ""0.8"": 1100, ""0.7"": 640}"
p0244,obfuscated,rung1_typos|b08,8,ok,,cuda,9.94, snow,0.1259765625,0.09,6.08,0.6812535917385342,0.9166469573974609,0.318746417760849,3.380891707697426,"[0.16145069897174835, 0.26896172761917114, 0.5695875883102417]",1.0,0.4064497283909681,0.47419134978946276,0.05442986264824867,"[0.41740256547927856, 0.2920445203781128, 0.29055285453796387]",17,0.06822898983955383,0.0,0.12712416052818298,0.3988253176212311,"[0.0, 0.008764969184994698, 0.030787719413638115, 0.011909149587154388, 0.04410915449261665, 0.04162143915891647, 0.05442986264824867, 0.12712416052818298]","[0.01829676702618599, 0.023003041744232178, 0.020362690091133118, 0.01575298421084881, 0.015740981325507164, 0.011892524547874928, 0.012056462466716766, 0.008488130755722523, 0.00745201762765646, 0.007714517880231142, 0.0073395418003201485, 0.007960837334394455, 0.0070671699941158295, 0.00792434997856617, 0.010387908667325974, 0.007827779278159142, 0.013672610744833946, 0.023193443194031715, 0.014111754484474659, 0.010271946899592876, 0.012161670252680779, 0.017235862091183662, 0.0073095750994980335, 0.01205331552773714, 0.00866012740880251, 0.010808441787958145]",7636,7410,7,15843527,8,19,"{""0.95"": 4515, ""0.9"": 3225, ""0.8"": 1732, ""0.7"": 945}"
p0245,obfuscated,rung2_caps|b08,14,ok,,cuda,43.48, s,0.072265625,0.64,11.11,0.7420677831253747,0.9360563158988953,0.257932186126709,3.479276050948055,"[0.2910410463809967, 0.2138276845216751, 0.4951312839984894]",1.0,0.3588679994705286,0.3887736660930727,0.02657368965446949,"[0.5296288728713989, 0.22228968143463135, 0.2480814903974533]",0,0.049900129437446594,0.0,0.07299881428480148,0.28301551938056946,"[0.0, 0.011922807432711124, 0.007156756240874529, 0.02026120387017727, 0.01075354591012001, 0.024974538013339043, 0.0065439422614872456, 0.013849410228431225, 0.01570805162191391, 0.01905163563787937, 0.010223522782325745, 0.017914267256855965, 0.02657368965446949, 0.07299881428480148]","[0.03151047229766846, 0.021319225430488586, 0.02427472360432148, 0.01773492433130741, 0.01295019593089819, 0.008303262293338776, 0.007994448766112328, 0.007053039036691189, 0.005468023009598255, 0.006045259535312653, 0.0052594030275940895, 0.005359115079045296, 0.010048458352684975, 0.006203879602253437, 0.006413021590560675, 0.006730003282427788, 0.004504804033786058, 0.006771714426577091, 0.007233352400362492, 0.006854716222733259, 0.008242422714829445, 0.0054532564245164394, 0.010862527415156364, 0.006563907489180565, 0.012885095551609993, 0.0058929165825247765]",20784,20396,13,105096316,14,20,"{""0.95"": 12676, ""0.9"": 9143, ""0.8"": 4860, ""0.7"": 2512}"
p0247,obfuscated,rung0_clean|b09,6,ok,,cuda,5.99, car,0.220703125,0.04,5.67,0.7235470033749045,0.9314190745353699,0.2764529883861542,3.51734543848908,"[0.1748429536819458, 0.24292220175266266, 0.582234799861908]",1.0,0.4236063193367575,0.5295078991709469,0.031963642686605453,"[0.3620709776878357, 0.3206338882446289, 0.317295104265213]",0,0.062035322189331055,0.0,0.16096055507659912,0.582234799861908,"[0.0, 0.016191160306334496, 0.032144695520401, 0.03519292548298836, 0.031963642686605453, 0.16096055507659912]","[0.018123023211956024, 0.011041954159736633, 0.012220704928040504, 0.009182402864098549, 0.010541370138525963, 0.009777167811989784, 0.010985124856233597, 0.008842157199978828, 0.009381705895066261, 0.005895363166928291, 0.006862334907054901, 0.00988866202533245, 0.008234474807977676, 0.00950596109032631, 0.010940099135041237, 0.012033478356897831, 0.012140107341110706, 0.013139717280864716, 0.015043665654957294, 0.01063818670809269, 0.010556397028267384, 0.012355327606201172, 0.012978432700037956, 0.010345139540731907, 0.011462361551821232, 0.004337670281529427]",4844,4672,5,6624747,6,20,"{""0.95"": 2887, ""0.9"": 2077, ""0.8"": 1143, ""0.7"": 650}"
p0248,obfuscated,rung1_typos|b09,7,ok,,cuda,9.23, car,0.2265625,0.08,5.98,0.7278672132333771,0.9335231781005859,0.2721327543258667,3.5585754152763527,"[0.15446236729621887, 0.3115200102329254, 0.5340176224708557]",1.0,0.3836442269592457,0.46037307235109487,0.023788316175341606,"[0.47807666659355164, 0.2686505615711212, 0.2532728314399719]",0,0.050127170979976654,0.0,0.12153536826372147,0.4466032385826111,"[0.0, 0.013573993928730488, 0.028460275381803513, 0.05082825571298599, 0.03394654393196106, 0.023788316175341606, 0.12153536826372147]","[0.025958271697163582, 0.017768947407603264, 0.019244300201535225, 0.016448915004730225, 0.013247325085103512, 0.010609171353280544, 0.009954748675227165, 0.008567508310079575, 0.008301119320094585, 0.006679741200059652, 0.00642168615013361, 0.007774194702506065, 0.007617862895131111, 0.007053351029753685, 0.008839884772896767, 0.009264091029763222, 0.008822460658848286, 0.010635331273078918, 0.010147586464881897, 0.008649068884551525, 0.00874185562133789, 0.010241652838885784, 0.00960446149110794, 0.008035661652684212, 0.007931632921099663, 0.00557190366089344]",7366,7167,6,15648915,7,19,"{""0.95"": 4561, ""0.9"": 3362, ""0.8"": 1899, ""0.7"": 1057}"
p0249,obfuscated,rung2_caps|b09,11,ok,,cuda,26.71, car,0.1484375,0.35,8.6,0.7429441436837375,0.9371542930603027,0.2570553123950958,3.5199859855704485,"[0.3637198209762573, 0.18197791278362274, 0.45430228114128113]",1.0,0.3405431260912041,0.3783812512124489,0.013381925411522388,"[0.55182284116745, 0.21591633558273315, 0.23226073384284973]",0,0.043823473155498505,0.0,0.08136486262083054,0.3165266811847687,"[0.0, 0.020068826153874397, 0.010892209596931934, 0.030635807663202286, 0.03189926594495773, 0.013280553743243217, 0.014071567915380001, 0.019426269456744194, 0.02203402854502201, 0.013381925411522388, 0.08136486262083054]","[0.033075716346502304, 0.02237391471862793, 0.023677434772253036, 0.016547685489058495, 0.012608149088919163, 0.010187976062297821, 0.009789072908461094, 0.007095599081367254, 0.006493456196039915, 0.004898295272141695, 0.005374296102672815, 0.008050082251429558, 0.006221819669008255, 0.0066559636034071445, 0.006107525900006294, 0.006812550593167543, 0.0046760933473706245, 0.006705817300826311, 0.011081370525062084, 0.0047990139573812485, 0.005506353452801704, 0.010391458868980408, 0.00591869093477726, 0.010875694453716278, 0.006995463278144598, 0.004135812167078257]",15420,15113,10,63521566,11,19,"{""0.95"": 9336, ""0.9"": 6766, ""0.8"": 3655, ""0.7"": 1929}"
p0250,obfuscated,rung3_subst|b09,15,ok,,cuda,27.4, ,0.134765625,0.31,8.13,0.7489352738595886,0.9329081177711487,0.2510645091533661,3.120971955982367,"[0.23019354045391083, 0.26661035418510437, 0.503196120262146]",1.0,0.36835245026713126,0.39668725413383366,0.022224867716431618,"[0.5432975888252258, 0.23815272748470306, 0.21854975819587708]",0,0.04217161238193512,0.0,0.0778653621673584,0.3101409077644348,"[0.0, 0.010638358071446419, 0.013292917050421238, 0.010385007597506046, 0.01389111764729023, 0.00958601851016283, 0.0072942087426781654, 0.010817257687449455, 0.026621494442224503, 0.014592123217880726, 0.007611307315528393, 0.013531508855521679, 0.012712933123111725, 0.022224867716431618, 0.0778653621673584]","[0.02467830665409565, 0.01869993470609188, 0.021775901317596436, 0.019986256957054138, 0.014165626838803291, 0.012606924399733543, 0.009414193220436573, 0.008343826979398727, 0.006731741596013308, 0.006373103708028793, 0.0056335581466555595, 0.006022836547344923, 0.007443372160196304, 0.007345436606556177, 0.0072973803617060184, 0.007843858562409878, 0.005646354518830776, 0.006185787729918957, 0.005536573473364115, 0.007161895744502544, 0.008689085021615028, 0.00687963142991066, 0.008390780538320541, 0.006595115642994642, 0.003314805682748556, 0.008302191272377968]",14316,13901,14,47769350,15,19,"{""0.95"": 8378, ""0.9"": 6003, ""0.8"": 3225, ""0.7"": 1750}"
p0251,obfuscated,rung0_clean|b10,6,ok,,cuda,5.97, town,0.09375,0.04,5.67,0.7291817447787003,0.9309045672416687,0.2708182632923126,3.3687531983718126,"[0.18478116393089294, 0.42494845390319824, 0.3902703821659088]",1.0,0.32288972414699296,0.4036121551837412,0.06786119937896729,"[0.4367690086364746, 0.34373098611831665, 0.2195001095533371]",2,0.041342515498399734,0.0,0.10569234937429428,0.3902703821659088,"[0.0, 0.010592701844871044, 0.03944941237568855, 0.047222595661878586, 0.06786119937896729, 0.10569234937429428]","[0.016248272731900215, 0.017264295369386673, 0.018044743686914444, 0.011554719880223274, 0.012590721249580383, 0.01153525710105896, 0.014173065312206745, 0.008940254338085651, 0.007933683693408966, 0.00848790630698204, 0.009382233023643494, 0.008655006065964699, 0.009272203780710697, 0.010012892074882984, 0.01030837744474411, 0.011882415041327477, 0.011199934408068657, 0.013887651264667511, 0.009522229433059692, 0.008579883724451065, 0.006304611451923847, 0.009003533981740475, 0.00642250943928957, 0.002983007812872529, 0.006859192159026861, 0.009769663214683533]",4858,4686,5,6695292,6,20,"{""0.95"": 3032, ""0.9"": 2221, ""0.8"": 1265, ""0.7"": 735}"
p0252,obfuscated,rung1_typos|b10,7,ok,,cuda,8.09, dam,0.1328125,0.07,5.81,0.6804373264312744,0.9161360859870911,0.3195626735687256,3.3594893905844496,"[0.05829784646630287, 0.3517740070819855, 0.5899282097816467]",1.0,0.41320623172019627,0.4958474780642355,0.0677356943488121,"[0.42828303575515747, 0.28734898567199707, 0.2843681275844574]",0,0.07171053439378738,0.0,0.12078331410884857,0.37796446681022644,"[0.0, 0.008701146580278873, 0.00992866512387991, 0.07658123224973679, 0.035832587629556656, 0.0677356943488121, 0.12078331410884857]","[0.025512725114822388, 0.020701047033071518, 0.021870393306016922, 0.016374647617340088, 0.017340637743473053, 0.010330215096473694, 0.008527419529855251, 0.006881853099912405, 0.00932431872934103, 0.011654000729322433, 0.00816635973751545, 0.00793050043284893, 0.009051353670656681, 0.007725333329290152, 0.012405024841427803, 0.010083261877298355, 0.013162177056074142, 0.011647977866232395, 0.007822442799806595, 0.011340439319610596, 0.01626177877187729, 0.017752695828676224, 0.006498323753476143, 0.0137739647179842, 0.011296732351183891, 0.0061270385049283504]",6547,6348,6,12139420,7,20,"{""0.95"": 4090, ""0.9"": 3039, ""0.8"": 1738, ""0.7"": 980}"
p0253,obfuscated,rung2_caps|b10,11,ok,,cuda,24.86, b,0.07275390625,0.32,8.32,0.7454654579978692,0.9379590749740601,0.25453415513038635,3.535790814342692,"[0.30537891387939453, 0.21001432836055756, 0.4846067428588867]",1.0,0.31970095834018436,0.3552232870446493,0.020153144374489784,"[0.5600203275680542, 0.23074261844158173, 0.2092370241880417]",0,0.039323270320892334,0.0,0.07051537930965424,0.27703696489334106,"[0.0, 0.012107218615710735, 0.009487796574831009, 0.027039583772420883, 0.029094774276018143, 0.016127239912748337, 0.024845413863658905, 0.012483173049986362, 0.0326804555952549, 0.020153144374489784, 0.07051537930965424]","[0.027915114536881447, 0.025692515075206757, 0.02520429529249668, 0.01790788769721985, 0.012710235081613064, 0.009156990796327591, 0.010453500784933567, 0.00674477219581604, 0.006758997216820717, 0.006390618160367012, 0.00570886442437768, 0.006596052553504705, 0.006882364861667156, 0.005997029133141041, 0.006560212932527065, 0.00725417910143733, 0.007402383256703615, 0.005940179340541363, 0.00844684150069952, 0.005487863440066576, 0.007167141418904066, 0.006181616336107254, 0.006980306468904018, 0.0055733658373355865, 0.009293590672314167, 0.004127250052988529]",14764,14457,10,56184431,11,19,"{""0.95"": 9225, ""0.9"": 6800, ""0.8"": 3772, ""0.7"": 2028}"
p0254,obfuscated,rung3_subst|b10,20,ok,,cuda,51.16, ,0.2216796875,0.61,10.52,0.7396882903018517,0.9309173822402954,0.26031166315078735,3.16120182748185,"[0.3366316556930542, 0.2805618643760681, 0.38280653953552246]",1.0,0.32916777524050117,0.3474548738649734,0.01110099907964468,"[0.5728038549423218, 0.22786381840705872, 0.19933226704597473]",0,0.037206798791885376,0.0,0.055748384445905685,0.21416017413139343,"[0.0, 0.004012458026409149, 0.023915832862257957, 0.009905274957418442, 0.007597093004733324, 0.01232642401009798, 0.012303557246923447, 0.017568495124578476, 0.01096332911401987, 0.0093937823548913, 0.018630055710673332, 0.015721620991826057, 0.009068610146641731, 0.009256124496459961, 0.011204686015844345, 0.00877659022808075, 0.005189468152821064, 0.0076288701966404915, 0.01110099907964468, 0.055748384445905685]","[0.02661585807800293, 0.022029807791113853, 0.02469020150601864, 0.02179138734936714, 0.01733824983239174, 0.0113105783239007, 0.010066885501146317, 0.008599035441875458, 0.006665521766990423, 0.005129732191562653, 0.00629819929599762, 0.007043913006782532, 0.007236182689666748, 0.006991173606365919, 0.0073557449504733086, 0.006196313537657261, 0.008042475208640099, 0.005021878983825445, 0.007819351740181446, 0.006862362381070852, 0.009325183928012848, 0.006340986117720604, 0.006808011792600155, 0.006928784307092428, 0.003774030599743128, 0.00402980437502265]",20110,19560,19,100566631,20,20,"{""0.95"": 11639, ""0.9"": 8244, ""0.8"": 4305, ""0.7"": 2225}"
